arm,target,method,ceiling
orb,formation_energy/atom,xgboost,0.987125638039523
orb,formation_energy/atom,linear,0.9788449967490216
orb,energy_above_hull,xgboost,0.9450969364337584
orb,energy_above_hull,linear,0.8647691584121925
orb,band_gap,xgboost,0.8848148849415404
orb,band_gap,linear,0.7261507174764905
orb,density,xgboost,0.9466803025065912
orb,density,linear,0.9035020714539878
orb,bulk_modulus,xgboost,0.9356818574863726
orb,bulk_modulus,linear,0.9167933605607314
orb,mag_density,xgboost,0.8125521690713129
orb,mag_density,linear,0.7224557891624759
orb,crystal_system,xgboost,0.6040921950720392
orb,crystal_system,linear,0.4688838678679211
orb,metal_insulator,xgboost,0.9079969295678472
orb,metal_insulator,linear,0.8870716616012522
orb,magnetic_label,xgboost,0.8880657576022513
orb,magnetic_label,linear,0.857230907872448
uma,formation_energy/atom,xgboost,0.9897612354038294
uma,formation_energy/atom,linear,0.9842232155341732
uma,energy_above_hull,xgboost,0.9592203284753296
uma,energy_above_hull,linear,0.8984692572550264
uma,band_gap,xgboost,0.9058130043404784
uma,band_gap,linear,0.7613776252304122
uma,density,xgboost,0.9399383573243336
uma,density,linear,0.8850763280143865
uma,bulk_modulus,xgboost,0.9392834824976438
uma,bulk_modulus,linear,0.918611123536466
uma,mag_density,xgboost,0.8314863162933228
uma,mag_density,linear,0.7319742330044772
uma,crystal_system,xgboost,0.6633187671347357
uma,crystal_system,linear,0.5310523572508662
uma,metal_insulator,xgboost,0.913876167791379
uma,metal_insulator,linear,0.8959437255071931
uma,magnetic_label,xgboost,0.9033317636137426
uma,magnetic_label,linear,0.8840006321704934
magpie,formation_energy/atom,xgboost,0.8903
magpie,formation_energy/atom,linear,0.7997
magpie,energy_above_hull,xgboost,0.2961
magpie,energy_above_hull,linear,0.0845
magpie,band_gap,xgboost,0.698
magpie,band_gap,linear,0.4045
magpie,density,xgboost,0.8884
magpie,density,linear,0.8043
magpie,bulk_modulus,xgboost,0.8821
magpie,bulk_modulus,linear,0.7459
magpie,mag_density,xgboost,0.8162
magpie,mag_density,linear,0.4229
magpie,crystal_system,xgboost,0.5202
magpie,crystal_system,linear,0.3417
magpie,metal_insulator,xgboost,0.8454
magpie,metal_insulator,linear,0.7785
magpie,magnetic_label,xgboost,0.8599
magpie,magnetic_label,linear,0.7636
