arm,target,n,n_pairs,median,p10,p90,frac_positive
orb,band_gap,50,30,0.069402,-0.057748,0.249931,0.800000
orb,band_gap,100,30,0.177908,0.125828,0.281390,1.000000
orb,band_gap,200,30,0.219110,0.193861,0.250770,1.000000
orb,band_gap,500,30,0.273012,0.248872,0.301328,1.000000
orb,band_gap,1000,30,0.277804,0.266643,0.298464,1.000000
orb,band_gap,2000,30,0.270501,0.258078,0.278824,1.000000
orb,band_gap,5000,10,0.246803,0.242914,0.254084,1.000000
orb,band_gap,7000,7,0.234724,0.231584,0.244975,1.000000
orb,band_gap,10000,7,0.226466,0.219887,0.235286,1.000000
orb,band_gap,20000,6,0.207047,0.205537,0.210997,1.000000
orb,bulk_modulus,50,30,-0.034832,-0.170014,0.087861,0.300000
orb,bulk_modulus,100,30,-0.029587,-0.070425,0.020731,0.166667
orb,bulk_modulus,200,30,-0.035314,-0.068731,0.024804,0.233333
orb,bulk_modulus,500,12,0.008841,-0.003956,0.025184,0.833333
orb,bulk_modulus,1000,6,0.032208,0.025865,0.041947,1.000000
orb,bulk_modulus,2000,3,0.041844,0.041814,0.044176,1.000000
orb,crystal_system,50,30,-0.017129,-0.037917,0.005985,0.133333
orb,crystal_system,100,30,0.004706,-0.013850,0.018787,0.566667
orb,crystal_system,200,30,0.010051,-0.006167,0.030605,0.700000
orb,crystal_system,500,30,0.041272,0.028882,0.048764,1.000000
orb,crystal_system,1000,30,0.048488,0.040020,0.057434,1.000000
orb,crystal_system,2000,30,0.055351,0.045086,0.065056,1.000000
orb,crystal_system,5000,10,0.063292,0.058242,0.068799,1.000000
orb,crystal_system,7000,7,0.067858,0.063230,0.071689,1.000000
orb,crystal_system,10000,7,0.074551,0.067953,0.076945,1.000000
orb,crystal_system,20000,6,0.080225,0.077734,0.083529,1.000000
orb,density,50,30,-0.257922,-0.375959,-0.067102,0.033333
orb,density,100,30,-0.178866,-0.298430,-0.046699,0.033333
orb,density,200,30,-0.113771,-0.175710,-0.060599,0.000000
orb,density,500,30,-0.056921,-0.076904,-0.022700,0.000000
orb,density,1000,30,-0.013768,-0.034116,0.004705,0.133333
orb,density,2000,30,0.015276,0.007446,0.029310,1.000000
orb,density,5000,10,0.048652,0.044834,0.055404,1.000000
orb,density,7000,7,0.054030,0.050341,0.060175,1.000000
orb,density,10000,7,0.057502,0.054157,0.064273,1.000000
orb,density,20000,6,0.066862,0.063196,0.072086,1.000000
orb,energy_above_hull,50,30,0.465621,0.115136,1.428373,0.966667
orb,energy_above_hull,100,30,0.731437,0.399677,1.396097,1.000000
orb,energy_above_hull,200,30,0.742737,0.422239,1.172011,1.000000
orb,energy_above_hull,500,30,0.810357,0.669627,1.001714,1.000000
orb,energy_above_hull,1000,30,0.776076,0.695953,0.903520,1.000000
orb,energy_above_hull,2000,30,0.773370,0.721583,0.820461,1.000000
orb,energy_above_hull,5000,10,0.734434,0.712883,0.775926,1.000000
orb,energy_above_hull,7000,7,0.753631,0.708527,0.757149,1.000000
orb,energy_above_hull,10000,7,0.722330,0.707597,0.741795,1.000000
orb,energy_above_hull,20000,6,0.686146,0.682823,0.692518,1.000000
orb,formation_energy/atom,50,30,-0.013571,-0.090518,0.078434,0.466667
orb,formation_energy/atom,100,30,0.036358,-0.018091,0.107601,0.733333
orb,formation_energy/atom,200,30,0.064354,0.036227,0.105742,1.000000
orb,formation_energy/atom,500,30,0.103043,0.081472,0.119448,1.000000
orb,formation_energy/atom,1000,30,0.113467,0.106315,0.123069,1.000000
orb,formation_energy/atom,2000,30,0.119215,0.113817,0.129927,1.000000
orb,formation_energy/atom,5000,10,0.121109,0.118325,0.125441,1.000000
orb,formation_energy/atom,7000,7,0.119779,0.116000,0.121719,1.000000
orb,formation_energy/atom,10000,7,0.117741,0.115651,0.121334,1.000000
orb,formation_energy/atom,20000,6,0.114165,0.112899,0.114904,1.000000
orb,mag_density,50,30,-0.039658,-0.201294,0.097226,0.366667
orb,mag_density,100,30,-0.107788,-0.221477,0.047199,0.166667
orb,mag_density,200,30,-0.080764,-0.198292,0.007621,0.133333
orb,mag_density,500,30,-0.064321,-0.097735,-0.017615,0.066667
orb,mag_density,1000,30,-0.062007,-0.087790,-0.039476,0.000000
orb,mag_density,2000,30,-0.049273,-0.066081,-0.038651,0.000000
orb,mag_density,5000,10,-0.038572,-0.045774,-0.030414,0.000000
orb,mag_density,7000,7,-0.028665,-0.037407,-0.026595,0.000000
orb,mag_density,10000,7,-0.027121,-0.029041,-0.022101,0.000000
orb,mag_density,20000,6,-0.018371,-0.023639,-0.014813,0.000000
orb,magnetic_label,50,30,-0.006586,-0.047309,0.054176,0.433333
orb,magnetic_label,100,30,0.017948,-0.007715,0.048322,0.733333
orb,magnetic_label,200,30,0.021083,0.005892,0.038175,0.966667
orb,magnetic_label,500,30,0.032915,0.018535,0.041990,1.000000
orb,magnetic_label,1000,30,0.037751,0.029513,0.044385,1.000000
orb,magnetic_label,2000,30,0.036520,0.029256,0.040766,1.000000
orb,magnetic_label,5000,10,0.033986,0.031617,0.035284,1.000000
orb,magnetic_label,7000,7,0.033481,0.031639,0.033963,1.000000
orb,magnetic_label,10000,7,0.031926,0.031068,0.035900,1.000000
orb,magnetic_label,20000,6,0.032733,0.030080,0.035460,1.000000
orb,metal_insulator,50,30,0.011072,-0.042432,0.031758,0.666667
orb,metal_insulator,100,30,0.047731,0.026944,0.070344,0.966667
orb,metal_insulator,200,30,0.060138,0.046762,0.080446,1.000000
orb,metal_insulator,500,30,0.078915,0.069445,0.085332,1.000000
orb,metal_insulator,1000,30,0.077728,0.069987,0.084948,1.000000
orb,metal_insulator,2000,30,0.076213,0.071479,0.079921,1.000000
orb,metal_insulator,5000,10,0.071317,0.065890,0.074575,1.000000
orb,metal_insulator,7000,7,0.067987,0.063817,0.069577,1.000000
orb,metal_insulator,10000,7,0.066715,0.063390,0.068289,1.000000
orb,metal_insulator,20000,6,0.061954,0.060326,0.062637,1.000000
uma,band_gap,50,30,0.228137,0.127404,0.347958,1.000000
uma,band_gap,100,30,0.309354,0.220374,0.399100,1.000000
uma,band_gap,200,30,0.303286,0.273442,0.339163,1.000000
uma,band_gap,500,30,0.331026,0.309731,0.342403,1.000000
uma,band_gap,1000,30,0.319447,0.300620,0.336473,1.000000
uma,band_gap,2000,30,0.304119,0.291294,0.315205,1.000000
uma,band_gap,5000,10,0.272605,0.267763,0.283485,1.000000
uma,band_gap,7000,7,0.262125,0.254252,0.268192,1.000000
uma,band_gap,10000,7,0.250684,0.242795,0.255618,1.000000
uma,band_gap,20000,6,0.227469,0.225711,0.232782,1.000000
uma,bulk_modulus,50,30,-0.013027,-0.078025,0.131843,0.466667
uma,bulk_modulus,100,30,0.019399,-0.050548,0.057325,0.633333
uma,bulk_modulus,200,30,0.016736,-0.028154,0.055094,0.666667
uma,bulk_modulus,500,12,0.032371,0.022974,0.043017,1.000000
uma,bulk_modulus,1000,6,0.041920,0.037721,0.055950,1.000000
uma,bulk_modulus,2000,3,0.055419,0.054185,0.055444,1.000000
uma,crystal_system,50,30,0.048400,0.028362,0.065591,0.966667
uma,crystal_system,100,30,0.071618,0.051011,0.093293,1.000000
uma,crystal_system,200,30,0.075419,0.062990,0.089240,1.000000
uma,crystal_system,500,30,0.098680,0.088862,0.114127,1.000000
uma,crystal_system,1000,30,0.113477,0.100422,0.118861,1.000000
uma,crystal_system,2000,30,0.122975,0.114589,0.128105,1.000000
uma,crystal_system,5000,10,0.131261,0.126706,0.139391,1.000000
uma,crystal_system,7000,7,0.131454,0.126080,0.138109,1.000000
uma,crystal_system,10000,7,0.137856,0.135813,0.142946,1.000000
uma,crystal_system,20000,6,0.142780,0.137937,0.146073,1.000000
uma,density,50,30,-0.205092,-0.344394,-0.028561,0.100000
uma,density,100,30,-0.165858,-0.285745,-0.024920,0.066667
uma,density,200,30,-0.102990,-0.139811,-0.052869,0.000000
uma,density,500,30,-0.039966,-0.070167,-0.015324,0.033333
uma,density,1000,30,-0.008971,-0.024169,0.002177,0.233333
uma,density,2000,30,0.015259,0.003063,0.023261,1.000000
uma,density,5000,10,0.041934,0.038660,0.044902,1.000000
uma,density,7000,7,0.047613,0.042799,0.050929,1.000000
uma,density,10000,7,0.051118,0.045188,0.055465,1.000000
uma,density,20000,6,0.058868,0.055648,0.063029,1.000000
uma,energy_above_hull,50,30,0.444034,0.080092,1.727129,0.933333
uma,energy_above_hull,100,30,0.828852,0.494154,1.532307,0.966667
uma,energy_above_hull,200,30,0.826287,0.503239,1.259733,1.000000
uma,energy_above_hull,500,30,0.893174,0.783831,1.083569,1.000000
uma,energy_above_hull,1000,30,0.833408,0.782527,0.968811,1.000000
uma,energy_above_hull,2000,30,0.823743,0.783225,0.872730,1.000000
uma,energy_above_hull,5000,10,0.775834,0.760537,0.815929,1.000000
uma,energy_above_hull,7000,7,0.789960,0.745557,0.795463,1.000000
uma,energy_above_hull,10000,7,0.750513,0.742028,0.775851,1.000000
uma,energy_above_hull,20000,6,0.712462,0.707178,0.721995,1.000000
uma,formation_energy/atom,50,30,0.091492,-0.007523,0.205556,0.866667
uma,formation_energy/atom,100,30,0.097584,0.052008,0.155002,0.966667
uma,formation_energy/atom,200,30,0.125269,0.094037,0.155824,1.000000
uma,formation_energy/atom,500,30,0.130402,0.111654,0.149561,1.000000
uma,formation_energy/atom,1000,30,0.133171,0.124970,0.143782,1.000000
uma,formation_energy/atom,2000,30,0.132150,0.127128,0.142837,1.000000
uma,formation_energy/atom,5000,10,0.130569,0.127698,0.134160,1.000000
uma,formation_energy/atom,7000,7,0.127020,0.123626,0.129780,1.000000
uma,formation_energy/atom,10000,7,0.123975,0.122139,0.128637,1.000000
uma,formation_energy/atom,20000,6,0.119609,0.118708,0.120215,1.000000
uma,mag_density,50,30,0.106440,-0.060395,0.344623,0.800000
uma,mag_density,100,30,0.038101,-0.037204,0.219190,0.733333
uma,mag_density,200,30,0.033297,-0.052504,0.111301,0.666667
uma,mag_density,500,30,-0.005818,-0.030050,0.043443,0.433333
uma,mag_density,1000,30,-0.015604,-0.042905,0.012418,0.266667
uma,mag_density,2000,30,-0.012592,-0.026213,-0.003123,0.066667
uma,mag_density,5000,10,-0.009263,-0.018180,-0.000208,0.100000
uma,mag_density,7000,7,-0.011060,-0.017426,-0.003929,0.000000
uma,mag_density,10000,7,-0.002852,-0.006672,-0.000135,0.142857
uma,mag_density,20000,6,-0.001012,-0.005079,0.003679,0.500000
uma,magnetic_label,50,30,0.048679,0.006855,0.084296,0.933333
uma,magnetic_label,100,30,0.059339,0.024684,0.087612,0.966667
uma,magnetic_label,200,30,0.064580,0.050170,0.086540,1.000000
uma,magnetic_label,500,30,0.070555,0.061063,0.083644,1.000000
uma,magnetic_label,1000,30,0.072051,0.063704,0.080045,1.000000
uma,magnetic_label,2000,30,0.065885,0.059627,0.069188,1.000000
uma,magnetic_label,5000,10,0.057430,0.053765,0.059175,1.000000
uma,magnetic_label,7000,7,0.053943,0.051685,0.055567,1.000000
uma,magnetic_label,10000,7,0.052646,0.050744,0.056424,1.000000
uma,magnetic_label,20000,6,0.049339,0.047553,0.052735,1.000000
uma,metal_insulator,50,30,0.064830,0.024594,0.098482,0.966667
uma,metal_insulator,100,30,0.081074,0.059552,0.108731,1.000000
uma,metal_insulator,200,30,0.085342,0.072119,0.102246,1.000000
uma,metal_insulator,500,30,0.089196,0.079245,0.092981,1.000000
uma,metal_insulator,1000,30,0.085573,0.078131,0.092055,1.000000
uma,metal_insulator,2000,30,0.084287,0.079484,0.088604,1.000000
uma,metal_insulator,5000,10,0.077057,0.069672,0.081118,1.000000
uma,metal_insulator,7000,7,0.073871,0.071861,0.076456,1.000000
uma,metal_insulator,10000,7,0.073531,0.069913,0.076119,1.000000
uma,metal_insulator,20000,6,0.070796,0.068399,0.071802,1.000000
