arm,target,N,fraction,n_train,n_test,score,shortfall,spread,sd,total
orb,formation_energy/atom,200,0.1,180,20,0.811760,0.175366,0.584373,0.227995,0.287637
orb,formation_energy/atom,200,0.2,160,40,0.797248,0.189878,0.598269,0.233416,0.300894
orb,formation_energy/atom,200,0.3,140,60,0.780795,0.206331,0.581691,0.226948,0.306721
orb,formation_energy/atom,200,0.4,120,80,0.761803,0.225323,0.539020,0.210300,0.308215
orb,formation_energy/atom,200,0.5,100,100,0.739339,0.247787,0.510854,0.199311,0.317999
orb,formation_energy/atom,500,0.1,450,50,0.882504,0.104622,0.340888,0.132998,0.169217
orb,formation_energy/atom,500,0.2,400,100,0.874114,0.113012,0.246716,0.096257,0.148449
orb,formation_energy/atom,500,0.3,350,150,0.864603,0.122523,0.222784,0.086920,0.150223
orb,formation_energy/atom,500,0.4,300,200,0.853623,0.133503,0.208196,0.081228,0.156273
orb,formation_energy/atom,500,0.5,250,250,0.840636,0.146490,0.212780,0.083016,0.168378
orb,formation_energy/atom,1000,0.1,900,100,0.920596,0.066530,0.155619,0.060715,0.090070
orb,formation_energy/atom,1000,0.2,800,200,0.914467,0.072659,0.121656,0.047464,0.086788
orb,formation_energy/atom,1000,0.3,700,300,0.907518,0.079608,0.116894,0.045607,0.091746
orb,formation_energy/atom,1000,0.4,600,400,0.899497,0.087629,0.115742,0.045157,0.098580
orb,formation_energy/atom,1000,0.5,500,500,0.890009,0.097117,0.117082,0.045680,0.107324
orb,formation_energy/atom,2000,0.1,1800,200,0.944824,0.042302,0.078478,0.030618,0.052220
orb,formation_energy/atom,2000,0.2,1600,400,0.941068,0.046058,0.067867,0.026479,0.053127
orb,formation_energy/atom,2000,0.3,1400,600,0.936809,0.050317,0.065447,0.025534,0.056425
orb,formation_energy/atom,2000,0.4,1200,800,0.931893,0.055233,0.067447,0.026315,0.061181
orb,formation_energy/atom,2000,0.5,1000,1000,0.926079,0.061047,0.070602,0.027546,0.066974
orb,formation_energy/atom,5000,0.1,4500,500,0.965480,0.021646,0.036746,0.014336,0.025963
orb,formation_energy/atom,5000,0.2,4000,1000,0.962968,0.024158,0.035370,0.013800,0.027822
orb,formation_energy/atom,5000,0.3,3500,1500,0.960120,0.027006,0.029189,0.011388,0.029309
orb,formation_energy/atom,5000,0.4,3000,2000,0.956832,0.030294,0.024759,0.009660,0.031797
orb,formation_energy/atom,5000,0.5,2500,2500,0.952943,0.034183,0.024621,0.009606,0.035507
orb,formation_energy/atom,10000,0.1,9000,1000,0.973845,0.013281,0.024980,0.009746,0.016473
orb,formation_energy/atom,10000,0.2,8000,2000,0.972893,0.014233,0.015547,0.006066,0.015471
orb,formation_energy/atom,10000,0.3,7000,3000,0.971814,0.015312,0.013588,0.005302,0.016204
orb,formation_energy/atom,10000,0.4,6000,4000,0.969942,0.017184,0.012540,0.004893,0.017867
orb,formation_energy/atom,10000,0.5,5000,5000,0.967727,0.019399,0.011840,0.004619,0.019941
orb,formation_energy/atom,20000,0.1,18000,2000,0.979332,0.007794,0.011854,0.004625,0.009063
orb,formation_energy/atom,20000,0.2,16000,4000,0.978403,0.008723,0.009010,0.003515,0.009404
orb,formation_energy/atom,20000,0.3,14000,6000,0.977350,0.009776,0.007545,0.002944,0.010209
orb,formation_energy/atom,20000,0.4,12000,8000,0.976135,0.010991,0.006679,0.002606,0.011296
orb,formation_energy/atom,20000,0.5,10000,10000,0.974697,0.012429,0.006036,0.002355,0.012650
orb,energy_above_hull,200,0.1,180,20,0.528360,0.416737,8.751625,3.414469,3.439806
orb,energy_above_hull,200,0.2,160,40,0.499623,0.445474,5.752436,2.244328,2.288111
orb,energy_above_hull,200,0.3,140,60,0.467043,0.478054,4.283458,1.671202,1.738232
orb,energy_above_hull,200,0.4,120,80,0.429433,0.515664,3.517655,1.372422,1.466101
orb,energy_above_hull,200,0.5,100,100,0.384950,0.560147,2.898844,1.130992,1.262104
orb,energy_above_hull,500,0.1,450,50,0.661526,0.283571,3.121927,1.218028,1.250601
orb,energy_above_hull,500,0.2,400,100,0.645918,0.299179,1.668853,0.651107,0.716553
orb,energy_above_hull,500,0.3,350,150,0.628223,0.316874,1.353098,0.527915,0.615713
orb,energy_above_hull,500,0.4,300,200,0.607796,0.337301,1.128678,0.440357,0.554694
orb,energy_above_hull,500,0.5,250,250,0.583636,0.361461,1.074559,0.419242,0.553550
orb,energy_above_hull,1000,0.1,900,100,0.750073,0.195024,1.177954,0.459582,0.499249
orb,energy_above_hull,1000,0.2,800,200,0.735127,0.209970,0.762247,0.297393,0.364046
orb,energy_above_hull,1000,0.3,700,300,0.718183,0.226914,0.658936,0.257086,0.342904
orb,energy_above_hull,1000,0.4,600,400,0.698623,0.246474,0.589286,0.229912,0.337059
orb,energy_above_hull,1000,0.5,500,500,0.675488,0.269609,0.538152,0.209961,0.341720
orb,energy_above_hull,2000,0.1,1800,200,0.809521,0.135576,0.548157,0.213865,0.253217
orb,energy_above_hull,2000,0.2,1600,400,0.800288,0.144809,0.390500,0.152355,0.210194
orb,energy_above_hull,2000,0.3,1400,600,0.789820,0.155277,0.306625,0.119630,0.196017
orb,energy_above_hull,2000,0.4,1200,800,0.777735,0.167362,0.254296,0.099214,0.194560
orb,energy_above_hull,2000,0.5,1000,1000,0.763442,0.181655,0.212895,0.083061,0.199744
orb,energy_above_hull,5000,0.1,4500,500,0.867151,0.077946,0.220310,0.085954,0.116034
orb,energy_above_hull,5000,0.2,4000,1000,0.859980,0.085117,0.126014,0.049165,0.098296
orb,energy_above_hull,5000,0.3,3500,1500,0.851851,0.093246,0.111419,0.043471,0.102881
orb,energy_above_hull,5000,0.4,3000,2000,0.842466,0.102631,0.101947,0.039775,0.110069
orb,energy_above_hull,5000,0.5,2500,2500,0.831366,0.113731,0.098659,0.038492,0.120068
orb,energy_above_hull,10000,0.1,9000,1000,0.897992,0.047105,0.091804,0.035818,0.059176
orb,energy_above_hull,10000,0.2,8000,2000,0.893393,0.051704,0.068990,0.026916,0.058290
orb,energy_above_hull,10000,0.3,7000,3000,0.888180,0.056917,0.059747,0.023310,0.061505
orb,energy_above_hull,10000,0.4,6000,4000,0.881484,0.063613,0.053837,0.021005,0.066991
orb,energy_above_hull,10000,0.5,5000,5000,0.873565,0.071532,0.049583,0.019345,0.074102
orb,energy_above_hull,20000,0.1,18000,2000,0.915525,0.029572,0.054667,0.021328,0.036461
orb,energy_above_hull,20000,0.2,16000,4000,0.912836,0.032261,0.039595,0.015448,0.035769
orb,energy_above_hull,20000,0.3,14000,6000,0.909787,0.035310,0.031064,0.012120,0.037332
orb,energy_above_hull,20000,0.4,12000,8000,0.906268,0.038829,0.025203,0.009833,0.040055
orb,energy_above_hull,20000,0.5,10000,10000,0.902105,0.042992,0.020592,0.008034,0.043736
orb,band_gap,200,0.1,180,20,0.532244,0.352571,1.600863,0.624581,0.717222
orb,band_gap,200,0.2,160,40,0.513404,0.371411,0.922697,0.359992,0.517244
orb,band_gap,200,0.3,140,60,0.492044,0.392771,0.695540,0.271367,0.477398
orb,band_gap,200,0.4,120,80,0.467385,0.417430,0.699381,0.272865,0.498701
orb,band_gap,200,0.5,100,100,0.438221,0.446594,0.713196,0.278255,0.526186
orb,band_gap,500,0.1,450,50,0.655126,0.229689,0.484512,0.189034,0.297474
orb,band_gap,500,0.2,400,100,0.639726,0.245089,0.457379,0.178448,0.303170
orb,band_gap,500,0.3,350,150,0.622267,0.262548,0.444025,0.173237,0.314551
orb,band_gap,500,0.4,300,200,0.602112,0.282703,0.441171,0.172124,0.330980
orb,band_gap,500,0.5,250,250,0.578274,0.306541,0.426382,0.166354,0.348771
orb,band_gap,1000,0.1,900,100,0.718696,0.166119,0.357125,0.139333,0.216817
orb,band_gap,1000,0.2,800,200,0.708718,0.176097,0.322968,0.126007,0.216536
orb,band_gap,1000,0.3,700,300,0.697406,0.187409,0.281770,0.109933,0.217273
orb,band_gap,1000,0.4,600,400,0.684347,0.200468,0.254154,0.099159,0.223651
orb,band_gap,1000,0.5,500,500,0.668902,0.215913,0.234228,0.091385,0.234456
orb,band_gap,2000,0.1,1800,200,0.769980,0.114835,0.255042,0.099505,0.151948
orb,band_gap,2000,0.2,1600,400,0.761492,0.123323,0.192039,0.074925,0.144299
orb,band_gap,2000,0.3,1400,600,0.751869,0.132946,0.172424,0.067272,0.148997
orb,band_gap,2000,0.4,1200,800,0.740760,0.144055,0.175017,0.068283,0.159419
orb,band_gap,2000,0.5,1000,1000,0.727621,0.157194,0.179708,0.070114,0.172122
orb,band_gap,5000,0.1,4500,500,0.818095,0.066720,0.128684,0.050207,0.083500
orb,band_gap,5000,0.2,4000,1000,0.812210,0.072605,0.123899,0.048340,0.087225
orb,band_gap,5000,0.3,3500,1500,0.805537,0.079278,0.104906,0.040929,0.089220
orb,band_gap,5000,0.4,3000,2000,0.797834,0.086981,0.091804,0.035818,0.094067
orb,band_gap,5000,0.5,2500,2500,0.788723,0.096092,0.086235,0.033645,0.101811
orb,band_gap,10000,0.1,9000,1000,0.844260,0.040555,0.102753,0.040089,0.057025
orb,band_gap,10000,0.2,8000,2000,0.840408,0.044407,0.072471,0.028275,0.052644
orb,band_gap,10000,0.3,7000,3000,0.836041,0.048774,0.060768,0.023709,0.054231
orb,band_gap,10000,0.4,6000,4000,0.830231,0.054584,0.052866,0.020626,0.058351
orb,band_gap,10000,0.5,5000,5000,0.823360,0.061455,0.046891,0.018295,0.064120
orb,band_gap,20000,0.1,18000,2000,0.860127,0.024688,0.063517,0.024781,0.034980
orb,band_gap,20000,0.2,16000,4000,0.857638,0.027177,0.044331,0.017296,0.032214
orb,band_gap,20000,0.3,14000,6000,0.854817,0.029998,0.034014,0.013271,0.032803
orb,band_gap,20000,0.4,12000,8000,0.851559,0.033256,0.027475,0.010719,0.034941
orb,band_gap,20000,0.5,10000,10000,0.847706,0.037109,0.022376,0.008730,0.038122
orb,density,200,0.1,180,20,0.583062,0.363618,1.014522,0.395818,0.537485
orb,density,200,0.2,160,40,0.558304,0.388376,0.755518,0.294767,0.487569
orb,density,200,0.3,140,60,0.530236,0.416444,0.642204,0.250558,0.486009
orb,density,200,0.4,120,80,0.497834,0.448846,0.598760,0.233608,0.505999
orb,density,200,0.5,100,100,0.459510,0.487170,0.571204,0.222857,0.535724
orb,density,500,0.1,450,50,0.695303,0.251377,0.450286,0.175680,0.306682
orb,density,500,0.2,400,100,0.682217,0.264463,0.335842,0.131029,0.295143
orb,density,500,0.3,350,150,0.667382,0.279298,0.280888,0.109589,0.300029
orb,density,500,0.4,300,200,0.650256,0.296424,0.242656,0.094673,0.311176
orb,density,500,0.5,250,250,0.630000,0.316680,0.237398,0.092621,0.329947
orb,density,1000,0.1,900,100,0.764864,0.181816,0.248498,0.096952,0.206050
orb,density,1000,0.2,800,200,0.753271,0.193409,0.171183,0.066788,0.204616
orb,density,1000,0.3,700,300,0.740127,0.206553,0.155656,0.060729,0.215295
orb,density,1000,0.4,600,400,0.724954,0.221726,0.146236,0.057054,0.228949
orb,density,1000,0.5,500,500,0.707008,0.239672,0.140484,0.054810,0.245859
orb,density,2000,0.1,1800,200,0.820787,0.125893,0.124340,0.048512,0.134916
orb,density,2000,0.2,1600,400,0.811659,0.135021,0.100137,0.039069,0.140560
orb,density,2000,0.3,1400,600,0.801311,0.145369,0.088168,0.034399,0.149384
orb,density,2000,0.4,1200,800,0.789364,0.157316,0.081592,0.031833,0.160504
orb,density,2000,0.5,1000,1000,0.775235,0.171445,0.077235,0.030133,0.174073
orb,density,5000,0.1,4500,500,0.878035,0.068645,0.058480,0.022816,0.072338
orb,density,5000,0.2,4000,1000,0.870906,0.075774,0.044360,0.017307,0.077726
orb,density,5000,0.3,3500,1500,0.862824,0.083856,0.038500,0.015021,0.085191
orb,density,5000,0.4,3000,2000,0.853493,0.093187,0.034574,0.013489,0.094158
orb,density,5000,0.5,2500,2500,0.842458,0.104222,0.033101,0.012914,0.105019
orb,density,10000,0.1,9000,1000,0.906650,0.040030,0.032077,0.012515,0.041941
orb,density,10000,0.2,8000,2000,0.902171,0.044509,0.023087,0.009007,0.045411
orb,density,10000,0.3,7000,3000,0.897094,0.049586,0.019445,0.007587,0.050163
orb,density,10000,0.4,6000,4000,0.891284,0.055396,0.016915,0.006600,0.055788
orb,density,10000,0.5,5000,5000,0.884412,0.062268,0.014993,0.005849,0.062542
orb,density,20000,0.1,18000,2000,0.924243,0.022437,0.017878,0.006975,0.023497
orb,density,20000,0.2,16000,4000,0.921520,0.025160,0.012211,0.004764,0.025607
orb,density,20000,0.3,14000,6000,0.918434,0.028246,0.009485,0.003701,0.028488
orb,density,20000,0.4,12000,8000,0.914870,0.031810,0.008096,0.003159,0.031966
orb,density,20000,0.5,10000,10000,0.910656,0.036024,0.007029,0.002742,0.036128
orb,bulk_modulus,200,0.1,180,20,0.687864,0.247818,1.160417,0.452740,0.516127
orb,bulk_modulus,200,0.2,160,40,0.672944,0.262738,0.759312,0.296248,0.395972
orb,bulk_modulus,200,0.3,140,60,0.656029,0.279653,0.631601,0.246421,0.372732
orb,bulk_modulus,200,0.4,120,80,0.636502,0.299180,0.646785,0.252345,0.391391
orb,bulk_modulus,200,0.5,100,100,0.613406,0.322276,0.670826,0.261725,0.415165
orb,bulk_modulus,500,0.1,450,50,0.787070,0.148612,0.398657,0.155537,0.215122
orb,bulk_modulus,500,0.2,400,100,0.774599,0.161083,0.391120,0.152597,0.221886
orb,bulk_modulus,500,0.3,350,150,0.760461,0.175221,0.348335,0.135904,0.221748
orb,bulk_modulus,500,0.4,300,200,0.744140,0.191542,0.321052,0.125259,0.228863
orb,bulk_modulus,500,0.5,250,250,0.724837,0.210845,0.310780,0.121252,0.243224
orb,bulk_modulus,1000,0.1,900,100,0.848080,0.087602,0.263616,0.102850,0.135101
orb,bulk_modulus,1000,0.2,800,200,0.838090,0.097592,0.203165,0.079265,0.125727
orb,bulk_modulus,1000,0.3,700,300,0.826764,0.108918,0.177916,0.069414,0.129157
orb,bulk_modulus,1000,0.4,600,400,0.813689,0.121993,0.161233,0.062906,0.137257
orb,bulk_modulus,1000,0.5,500,500,0.798225,0.137457,0.149322,0.058258,0.149293
orb,bulk_modulus,2000,0.1,1800,200,0.887339,0.048343,0.141367,0.055155,0.073342
orb,bulk_modulus,2000,0.2,1600,400,0.881262,0.054420,0.102755,0.040090,0.067592
orb,bulk_modulus,2000,0.3,1400,600,0.874374,0.061308,0.085445,0.033337,0.069785
orb,bulk_modulus,2000,0.4,1200,800,0.866422,0.069260,0.078231,0.030522,0.075688
orb,bulk_modulus,2000,0.5,1000,1000,0.857016,0.078666,0.073259,0.028582,0.083698
orb,bulk_modulus,5000,0.1,4500,500,0.915941,0.019741,0.062207,0.024270,0.031285
orb,bulk_modulus,5000,0.2,4000,1000,0.912576,0.023106,0.044793,0.017476,0.028970
orb,bulk_modulus,5000,0.3,3500,1500,0.908761,0.026921,0.036853,0.014378,0.030520
orb,bulk_modulus,5000,0.4,3000,2000,0.904358,0.031324,0.031272,0.012201,0.033617
orb,bulk_modulus,5000,0.5,2500,2500,0.899149,0.036533,0.027894,0.010883,0.038120
orb,bulk_modulus,10000,0.1,9000,1000,,,,,
orb,bulk_modulus,10000,0.2,8000,2000,,,,,
orb,bulk_modulus,10000,0.3,7000,3000,,,,,
orb,bulk_modulus,10000,0.4,6000,4000,,,,,
orb,bulk_modulus,10000,0.5,5000,5000,0.918951,0.016731,0.009733,0.003797,0.017157
orb,bulk_modulus,20000,0.1,18000,2000,,,,,
orb,bulk_modulus,20000,0.2,16000,4000,,,,,
orb,bulk_modulus,20000,0.3,14000,6000,,,,,
orb,bulk_modulus,20000,0.4,12000,8000,,,,,
orb,bulk_modulus,20000,0.5,10000,10000,,,,,
orb,mag_density,200,0.1,180,20,0.328225,0.484327,14.970793,5.840893,5.860939
orb,mag_density,200,0.2,160,40,0.303790,0.508762,5.257566,2.051253,2.113404
orb,mag_density,200,0.3,140,60,0.276087,0.536465,1.797608,0.701342,0.882992
orb,mag_density,200,0.4,120,80,0.244106,0.568446,1.489029,0.580949,0.812793
orb,mag_density,200,0.5,100,100,0.206281,0.606271,1.247530,0.486727,0.777475
orb,mag_density,500,0.1,450,50,0.488853,0.323699,1.435548,0.560083,0.646895
orb,mag_density,500,0.2,400,100,0.468698,0.343854,0.835076,0.325807,0.473694
orb,mag_density,500,0.3,350,150,0.445847,0.366705,0.688476,0.268611,0.454559
orb,mag_density,500,0.4,300,200,0.419469,0.393083,0.585589,0.228469,0.454657
orb,mag_density,500,0.5,250,250,0.388269,0.424283,0.559455,0.218273,0.477136
orb,mag_density,1000,0.1,900,100,0.567205,0.245347,0.680247,0.265400,0.361431
orb,mag_density,1000,0.2,800,200,0.555118,0.257434,0.448758,0.175084,0.311331
orb,mag_density,1000,0.3,700,300,0.541414,0.271138,0.384114,0.149863,0.309798
orb,mag_density,1000,0.4,600,400,0.525594,0.286958,0.339770,0.132562,0.316098
orb,mag_density,1000,0.5,500,500,0.506883,0.305669,0.306735,0.119674,0.328261
orb,mag_density,2000,0.1,1800,200,0.629949,0.182603,0.373274,0.145634,0.233566
orb,mag_density,2000,0.2,1600,400,0.619543,0.193009,0.272484,0.106310,0.220350
orb,mag_density,2000,0.3,1400,600,0.607746,0.204806,0.223739,0.087292,0.222633
orb,mag_density,2000,0.4,1200,800,0.594126,0.218426,0.198436,0.077420,0.231741
orb,mag_density,2000,0.5,1000,1000,0.578018,0.234534,0.179641,0.070087,0.244782
orb,mag_density,5000,0.1,4500,500,0.691754,0.120798,0.191739,0.074808,0.142085
orb,mag_density,5000,0.2,4000,1000,0.684130,0.128422,0.134468,0.052463,0.138725
orb,mag_density,5000,0.3,3500,1500,0.675485,0.137067,0.117161,0.045711,0.144488
orb,mag_density,5000,0.4,3000,2000,0.665506,0.147046,0.105415,0.041128,0.152689
orb,mag_density,5000,0.5,2500,2500,0.653703,0.158849,0.097148,0.037903,0.163308
orb,mag_density,10000,0.1,9000,1000,0.730387,0.082165,0.114776,0.044780,0.093576
orb,mag_density,10000,0.2,8000,2000,0.726475,0.086077,0.086201,0.033632,0.092414
orb,mag_density,10000,0.3,7000,3000,0.722040,0.090512,0.070116,0.027356,0.094556
orb,mag_density,10000,0.4,6000,4000,0.711290,0.101262,0.059944,0.023387,0.103928
orb,mag_density,10000,0.5,5000,5000,0.698575,0.113977,0.052151,0.020347,0.115779
orb,mag_density,20000,0.1,18000,2000,0.758354,0.054198,0.076154,0.029712,0.061808
orb,mag_density,20000,0.2,16000,4000,0.753451,0.059101,0.051190,0.019972,0.062384
orb,mag_density,20000,0.3,14000,6000,0.747893,0.064659,0.038899,0.015176,0.066417
orb,mag_density,20000,0.4,12000,8000,0.741476,0.071076,0.032253,0.012584,0.072182
orb,mag_density,20000,0.5,10000,10000,0.733886,0.078666,0.027103,0.010574,0.079374
orb,crystal_system,200,0.1,180,20,0.264858,0.339234,0.632445,0.246750,0.419482
orb,crystal_system,200,0.2,160,40,0.256459,0.347633,0.461158,0.179922,0.391434
orb,crystal_system,200,0.3,140,60,0.246938,0.357154,0.374607,0.146154,0.385902
orb,crystal_system,200,0.4,120,80,0.235946,0.368146,0.325241,0.126894,0.389402
orb,crystal_system,200,0.5,100,100,0.222945,0.381147,0.287518,0.112176,0.397312
orb,crystal_system,500,0.1,450,50,0.324536,0.279556,0.366729,0.143080,0.314043
orb,crystal_system,500,0.2,400,100,0.316960,0.287132,0.252732,0.098604,0.303591
orb,crystal_system,500,0.3,350,150,0.308370,0.295722,0.207539,0.080972,0.306607
orb,crystal_system,500,0.4,300,200,0.298454,0.305638,0.175702,0.068551,0.313231
orb,crystal_system,500,0.5,250,250,0.286725,0.317367,0.163185,0.063667,0.323690
orb,crystal_system,1000,0.1,900,100,0.365582,0.238510,0.234741,0.091585,0.255489
orb,crystal_system,1000,0.2,800,200,0.358716,0.245376,0.160609,0.062662,0.253251
orb,crystal_system,1000,0.3,700,300,0.350931,0.253161,0.137005,0.053453,0.258743
orb,crystal_system,1000,0.4,600,400,0.341943,0.262149,0.120521,0.047021,0.266332
orb,crystal_system,1000,0.5,500,500,0.331314,0.272778,0.107979,0.042128,0.276012
orb,crystal_system,2000,0.1,1800,200,0.405729,0.198363,0.148835,0.058068,0.206688
orb,crystal_system,2000,0.2,1600,400,0.398915,0.205177,0.110086,0.042951,0.209624
orb,crystal_system,2000,0.3,1400,600,0.391190,0.212902,0.089669,0.034985,0.215757
orb,crystal_system,2000,0.4,1200,800,0.382272,0.221820,0.077148,0.030099,0.223852
orb,crystal_system,2000,0.5,1000,1000,0.371725,0.232367,0.067550,0.026355,0.233857
orb,crystal_system,5000,0.1,4500,500,0.465420,0.138672,0.086324,0.033679,0.142703
orb,crystal_system,5000,0.2,4000,1000,0.457636,0.146456,0.058314,0.022751,0.148213
orb,crystal_system,5000,0.3,3500,1500,0.448810,0.155282,0.048394,0.018881,0.156425
orb,crystal_system,5000,0.4,3000,2000,0.438622,0.165470,0.041435,0.016166,0.166258
orb,crystal_system,5000,0.5,2500,2500,0.426572,0.177520,0.038059,0.014849,0.178140
orb,crystal_system,10000,0.1,9000,1000,0.505331,0.098761,0.053186,0.020750,0.100918
orb,crystal_system,10000,0.2,8000,2000,0.499313,0.104779,0.036956,0.014418,0.105767
orb,crystal_system,10000,0.3,7000,3000,0.492490,0.111602,0.030599,0.011938,0.112239
orb,crystal_system,10000,0.4,6000,4000,0.483279,0.120813,0.026198,0.010221,0.121245
orb,crystal_system,10000,0.5,5000,5000,0.472384,0.131708,0.022825,0.008905,0.132009
orb,crystal_system,20000,0.1,18000,2000,0.547507,0.056585,0.033399,0.013031,0.058066
orb,crystal_system,20000,0.2,16000,4000,0.540134,0.063958,0.023315,0.009096,0.064601
orb,crystal_system,20000,0.3,14000,6000,0.531776,0.072316,0.017928,0.006994,0.072654
orb,crystal_system,20000,0.4,12000,8000,0.522127,0.081965,0.014548,0.005676,0.082162
orb,crystal_system,20000,0.5,10000,10000,0.510714,0.093378,0.011919,0.004650,0.093494
orb,metal_insulator,200,0.1,180,20,0.811765,0.096232,0.364184,0.142087,0.171608
orb,metal_insulator,200,0.2,160,40,0.806730,0.101267,0.270428,0.105508,0.146243
orb,metal_insulator,200,0.3,140,60,0.801022,0.106975,0.220930,0.086197,0.137381
orb,metal_insulator,200,0.4,120,80,0.794433,0.113564,0.190458,0.074308,0.135715
orb,metal_insulator,200,0.5,100,100,0.786639,0.121358,0.167256,0.065255,0.137790
orb,metal_insulator,500,0.1,450,50,0.845625,0.062372,0.189392,0.073892,0.096697
orb,metal_insulator,500,0.2,400,100,0.841361,0.066636,0.124358,0.048519,0.082428
orb,metal_insulator,500,0.3,350,150,0.836527,0.071470,0.109387,0.042678,0.083242
orb,metal_insulator,500,0.4,300,200,0.830947,0.077050,0.099356,0.038764,0.086252
orb,metal_insulator,500,0.5,250,250,0.824347,0.083650,0.092897,0.036244,0.091164
orb,metal_insulator,1000,0.1,900,100,0.860574,0.047423,0.109297,0.042643,0.063776
orb,metal_insulator,1000,0.2,800,200,0.858343,0.049654,0.083255,0.032482,0.059335
orb,metal_insulator,1000,0.3,700,300,0.855813,0.052184,0.069322,0.027046,0.058776
orb,metal_insulator,1000,0.4,600,400,0.852893,0.055104,0.059563,0.023239,0.059804
orb,metal_insulator,1000,0.5,500,500,0.849439,0.058558,0.052101,0.020327,0.061986
orb,metal_insulator,2000,0.1,1800,200,0.870550,0.037447,0.076081,0.029683,0.047785
orb,metal_insulator,2000,0.2,1600,400,0.868951,0.039046,0.053062,0.020702,0.044195
orb,metal_insulator,2000,0.3,1400,600,0.867138,0.040859,0.042709,0.016663,0.044126
orb,metal_insulator,2000,0.4,1200,800,0.865045,0.042952,0.038144,0.014882,0.045457
orb,metal_insulator,2000,0.5,1000,1000,0.862570,0.045427,0.034707,0.013541,0.047402
orb,metal_insulator,5000,0.1,4500,500,0.883306,0.024691,0.040381,0.015755,0.029290
orb,metal_insulator,5000,0.2,4000,1000,0.881661,0.026336,0.029886,0.011660,0.028802
orb,metal_insulator,5000,0.3,3500,1500,0.879796,0.028201,0.024893,0.009712,0.029827
orb,metal_insulator,5000,0.4,3000,2000,0.877643,0.030354,0.021393,0.008347,0.031481
orb,metal_insulator,5000,0.5,2500,2500,0.875096,0.032901,0.019468,0.007595,0.033766
orb,metal_insulator,10000,0.1,9000,1000,0.890482,0.017515,0.027658,0.010791,0.020572
orb,metal_insulator,10000,0.2,8000,2000,0.889071,0.018926,0.019395,0.007567,0.020383
orb,metal_insulator,10000,0.3,7000,3000,0.887471,0.020526,0.015794,0.006162,0.021431
orb,metal_insulator,10000,0.4,6000,4000,0.886237,0.021760,0.013183,0.005143,0.022360
orb,metal_insulator,10000,0.5,5000,5000,0.884777,0.023220,0.011165,0.004356,0.023625
orb,metal_insulator,20000,0.1,18000,2000,0.896206,0.011791,0.018148,0.007080,0.013753
orb,metal_insulator,20000,0.2,16000,4000,0.895312,0.012685,0.012131,0.004733,0.013539
orb,metal_insulator,20000,0.3,14000,6000,0.894299,0.013698,0.009276,0.003619,0.014168
orb,metal_insulator,20000,0.4,12000,8000,0.893129,0.014868,0.007838,0.003058,0.015179
orb,metal_insulator,20000,0.5,10000,10000,0.891745,0.016252,0.006728,0.002625,0.016463
orb,magnetic_label,200,0.1,180,20,0.734710,0.153356,0.441965,0.172434,0.230763
orb,magnetic_label,200,0.2,160,40,0.727388,0.160678,0.359282,0.140175,0.213228
orb,magnetic_label,200,0.3,140,60,0.719088,0.168978,0.304553,0.118822,0.206573
orb,magnetic_label,200,0.4,120,80,0.709505,0.178561,0.259147,0.101107,0.205199
orb,magnetic_label,200,0.5,100,100,0.698171,0.189895,0.224291,0.087508,0.209088
orb,magnetic_label,500,0.1,450,50,0.783091,0.104975,0.261566,0.102051,0.146404
orb,magnetic_label,500,0.2,400,100,0.777015,0.111051,0.165702,0.064649,0.128498
orb,magnetic_label,500,0.3,350,150,0.770127,0.117939,0.144033,0.056195,0.130642
orb,magnetic_label,500,0.4,300,200,0.762176,0.125890,0.129353,0.050467,0.135630
orb,magnetic_label,500,0.5,250,250,0.752771,0.135295,0.122316,0.047722,0.143465
orb,magnetic_label,1000,0.1,900,100,0.808219,0.079847,0.142514,0.055602,0.097299
orb,magnetic_label,1000,0.2,800,200,0.804273,0.083793,0.106456,0.041534,0.093522
orb,magnetic_label,1000,0.3,700,300,0.799799,0.088267,0.091009,0.035507,0.095141
orb,magnetic_label,1000,0.4,600,400,0.794634,0.093432,0.080343,0.031346,0.098550
orb,magnetic_label,1000,0.5,500,500,0.788526,0.099540,0.072338,0.028223,0.103464
orb,magnetic_label,2000,0.1,1800,200,0.830140,0.057926,0.092387,0.036045,0.068225
orb,magnetic_label,2000,0.2,1600,400,0.826455,0.061611,0.067894,0.026489,0.067064
orb,magnetic_label,2000,0.3,1400,600,0.822277,0.065789,0.056135,0.021901,0.069339
orb,magnetic_label,2000,0.4,1200,800,0.817454,0.070612,0.050110,0.019551,0.073269
orb,magnetic_label,2000,0.5,1000,1000,0.811749,0.076317,0.045637,0.017806,0.078367
orb,magnetic_label,5000,0.1,4500,500,0.851650,0.036416,0.050746,0.019799,0.041450
orb,magnetic_label,5000,0.2,4000,1000,0.849004,0.039062,0.036606,0.014282,0.041591
orb,magnetic_label,5000,0.3,3500,1500,0.846005,0.042061,0.030205,0.011784,0.043680
orb,magnetic_label,5000,0.4,3000,2000,0.842543,0.045523,0.025713,0.010032,0.046615
orb,magnetic_label,5000,0.5,2500,2500,0.838449,0.049617,0.023437,0.009144,0.050453
orb,magnetic_label,10000,0.1,9000,1000,0.865329,0.022737,0.032648,0.012738,0.026062
orb,magnetic_label,10000,0.2,8000,2000,0.863636,0.024430,0.022268,0.008688,0.025929
orb,magnetic_label,10000,0.3,7000,3000,0.861717,0.026349,0.018002,0.007023,0.027269
orb,magnetic_label,10000,0.4,6000,4000,0.858189,0.029877,0.015129,0.005902,0.030455
orb,magnetic_label,10000,0.5,5000,5000,0.854016,0.034050,0.012913,0.005038,0.034421
orb,magnetic_label,20000,0.1,18000,2000,0.875691,0.012375,0.020300,0.007920,0.014692
orb,magnetic_label,20000,0.2,16000,4000,0.873918,0.014148,0.013451,0.005248,0.015090
orb,magnetic_label,20000,0.3,14000,6000,0.871908,0.016158,0.010052,0.003922,0.016627
orb,magnetic_label,20000,0.4,12000,8000,0.869588,0.018478,0.008180,0.003191,0.018752
orb,magnetic_label,20000,0.5,10000,10000,0.866843,0.021223,0.006725,0.002624,0.021385
uma,formation_energy/atom,200,0.1,180,20,0.862863,0.126898,0.341777,0.133345,0.184076
uma,formation_energy/atom,200,0.2,160,40,0.850802,0.138959,0.287797,0.112285,0.178655
uma,formation_energy/atom,200,0.3,140,60,0.837129,0.152632,0.275610,0.107530,0.186707
uma,formation_energy/atom,200,0.4,120,80,0.821344,0.168417,0.286693,0.111854,0.202178
uma,formation_energy/atom,200,0.5,100,100,0.802674,0.187087,0.303264,0.118319,0.221362
uma,formation_energy/atom,500,0.1,450,50,0.913387,0.076374,0.151367,0.059056,0.096543
uma,formation_energy/atom,500,0.2,400,100,0.907616,0.082145,0.141982,0.055395,0.099078
uma,formation_energy/atom,500,0.3,350,150,0.901073,0.088688,0.132059,0.051523,0.102568
uma,formation_energy/atom,500,0.4,300,200,0.893520,0.096241,0.126884,0.049504,0.108227
uma,formation_energy/atom,500,0.5,250,250,0.884586,0.105175,0.133934,0.052255,0.117441
uma,formation_energy/atom,1000,0.1,900,100,0.941877,0.047884,0.089328,0.034852,0.059224
uma,formation_energy/atom,1000,0.2,800,200,0.937202,0.052559,0.074831,0.029195,0.060123
uma,formation_energy/atom,1000,0.3,700,300,0.931903,0.057858,0.077290,0.030155,0.065245
uma,formation_energy/atom,1000,0.4,600,400,0.925786,0.063975,0.081253,0.031701,0.071399
uma,formation_energy/atom,1000,0.5,500,500,0.918550,0.071211,0.086637,0.033801,0.078826
uma,formation_energy/atom,2000,0.1,1800,200,0.960223,0.029538,0.047399,0.018493,0.034849
uma,formation_energy/atom,2000,0.2,1600,400,0.957385,0.032376,0.046657,0.018203,0.037143
uma,formation_energy/atom,2000,0.3,1400,600,0.954167,0.035594,0.048043,0.018744,0.040228
uma,formation_energy/atom,2000,0.4,1200,800,0.950452,0.039309,0.050728,0.019792,0.044011
uma,formation_energy/atom,2000,0.5,1000,1000,0.946058,0.043703,0.054205,0.021148,0.048551
uma,formation_energy/atom,5000,0.1,4500,500,0.974521,0.015240,0.027101,0.010574,0.018549
uma,formation_energy/atom,5000,0.2,4000,1000,0.972813,0.016948,0.027320,0.010659,0.020021
uma,formation_energy/atom,5000,0.3,3500,1500,0.970877,0.018884,0.022806,0.008898,0.020875
uma,formation_energy/atom,5000,0.4,3000,2000,0.968642,0.021119,0.019622,0.007656,0.022464
uma,formation_energy/atom,5000,0.5,2500,2500,0.965998,0.023763,0.019612,0.007651,0.024965
uma,formation_energy/atom,10000,0.1,9000,1000,0.980987,0.008774,0.019106,0.007454,0.011513
uma,formation_energy/atom,10000,0.2,8000,2000,0.980332,0.009429,0.012307,0.004802,0.010582
uma,formation_energy/atom,10000,0.3,7000,3000,0.979588,0.010173,0.010956,0.004275,0.011035
uma,formation_energy/atom,10000,0.4,6000,4000,0.977967,0.011794,0.010436,0.004071,0.012477
uma,formation_energy/atom,10000,0.5,5000,5000,0.976049,0.013712,0.010171,0.003968,0.014275
uma,formation_energy/atom,20000,0.1,18000,2000,0.984807,0.004954,0.009507,0.003709,0.006189
uma,formation_energy/atom,20000,0.2,16000,4000,0.984159,0.005602,0.007503,0.002927,0.006321
uma,formation_energy/atom,20000,0.3,14000,6000,0.983424,0.006337,0.006287,0.002453,0.006795
uma,formation_energy/atom,20000,0.4,12000,8000,0.982577,0.007184,0.005362,0.002092,0.007483
uma,formation_energy/atom,20000,0.5,10000,10000,0.981574,0.008187,0.004648,0.001814,0.008385
uma,energy_above_hull,200,0.1,180,20,0.595020,0.364200,9.491796,3.703248,3.721114
uma,energy_above_hull,200,0.2,160,40,0.576008,0.383212,5.380076,2.099050,2.133744
uma,energy_above_hull,200,0.3,140,60,0.554453,0.404767,3.566318,1.391408,1.449087
uma,energy_above_hull,200,0.4,120,80,0.529571,0.429649,2.856604,1.114511,1.194460
uma,energy_above_hull,200,0.5,100,100,0.500141,0.459079,2.286224,0.891976,1.003182
uma,energy_above_hull,500,0.1,450,50,0.747355,0.211865,2.331618,0.909687,0.934033
uma,energy_above_hull,500,0.2,400,100,0.727699,0.231521,1.245433,0.485909,0.538247
uma,energy_above_hull,500,0.3,350,150,0.705415,0.253805,1.048136,0.408933,0.481293
uma,energy_above_hull,500,0.4,300,200,0.679691,0.279529,0.908828,0.354582,0.451514
uma,energy_above_hull,500,0.5,250,250,0.649265,0.309955,0.896423,0.349742,0.467324
uma,energy_above_hull,1000,0.1,900,100,0.823349,0.135871,0.807957,0.315226,0.343262
uma,energy_above_hull,1000,0.2,800,200,0.811644,0.147576,0.534431,0.208510,0.255451
uma,energy_above_hull,1000,0.3,700,300,0.798374,0.160846,0.468949,0.182962,0.243611
uma,energy_above_hull,1000,0.4,600,400,0.783055,0.176165,0.425844,0.166144,0.242153
uma,energy_above_hull,1000,0.5,500,500,0.764937,0.194283,0.395238,0.154203,0.248041
uma,energy_above_hull,2000,0.1,1800,200,0.865337,0.093883,0.382087,0.149072,0.176172
uma,energy_above_hull,2000,0.2,1600,400,0.859021,0.100199,0.276730,0.107967,0.147298
uma,energy_above_hull,2000,0.3,1400,600,0.851861,0.107359,0.219340,0.085576,0.137293
uma,energy_above_hull,2000,0.4,1200,800,0.843595,0.115625,0.182029,0.071019,0.135694
uma,energy_above_hull,2000,0.5,1000,1000,0.833819,0.125401,0.152570,0.059526,0.138812
uma,energy_above_hull,5000,0.1,4500,500,0.911254,0.047966,0.149218,0.058218,0.075432
uma,energy_above_hull,5000,0.2,4000,1000,0.905405,0.053815,0.086847,0.033884,0.063593
uma,energy_above_hull,5000,0.3,3500,1500,0.898775,0.060445,0.076855,0.029985,0.067474
uma,energy_above_hull,5000,0.4,3000,2000,0.891120,0.068100,0.070395,0.027465,0.073430
uma,energy_above_hull,5000,0.5,2500,2500,0.882067,0.077153,0.068686,0.026798,0.081675
uma,energy_above_hull,10000,0.1,9000,1000,0.931597,0.027623,0.062800,0.024502,0.036923
uma,energy_above_hull,10000,0.2,8000,2000,0.928388,0.030832,0.046300,0.018064,0.035734
uma,energy_above_hull,10000,0.3,7000,3000,0.924750,0.034470,0.039884,0.015561,0.037820
uma,energy_above_hull,10000,0.4,6000,4000,0.920964,0.038256,0.035357,0.013795,0.040667
uma,energy_above_hull,10000,0.5,5000,5000,0.916486,0.042734,0.032005,0.012487,0.044521
uma,energy_above_hull,20000,0.1,18000,2000,0.943291,0.015929,0.036665,0.014305,0.021410
uma,energy_above_hull,20000,0.2,16000,4000,0.941523,0.017697,0.026160,0.010206,0.020430
uma,energy_above_hull,20000,0.3,14000,6000,0.939518,0.019702,0.020704,0.008078,0.021293
uma,energy_above_hull,20000,0.4,12000,8000,0.937205,0.022015,0.017442,0.006805,0.023043
uma,energy_above_hull,20000,0.5,10000,10000,0.934468,0.024752,0.014921,0.005821,0.025427
uma,band_gap,200,0.1,180,20,0.621057,0.284756,1.268455,0.494891,0.570967
uma,band_gap,200,0.2,160,40,0.608727,0.297086,0.815957,0.318348,0.435437
uma,band_gap,200,0.3,140,60,0.594748,0.311065,0.644929,0.251621,0.400093
uma,band_gap,200,0.4,120,80,0.578610,0.327203,0.612298,0.238890,0.405130
uma,band_gap,200,0.5,100,100,0.559523,0.346290,0.592752,0.231264,0.416413
uma,band_gap,500,0.1,450,50,0.710187,0.195626,0.486633,0.189861,0.272611
uma,band_gap,500,0.2,400,100,0.698843,0.206970,0.405268,0.158116,0.260456
uma,band_gap,500,0.3,350,150,0.685983,0.219830,0.417578,0.162919,0.273620
uma,band_gap,500,0.4,300,200,0.671137,0.234676,0.433608,0.169173,0.289296
uma,band_gap,500,0.5,250,250,0.653578,0.252235,0.422902,0.164996,0.301407
uma,band_gap,1000,0.1,900,100,0.761006,0.144807,0.321615,0.125479,0.191609
uma,band_gap,1000,0.2,800,200,0.752856,0.152957,0.325860,0.127135,0.198895
uma,band_gap,1000,0.3,700,300,0.743617,0.162196,0.292511,0.114124,0.198323
uma,band_gap,1000,0.4,600,400,0.732950,0.172863,0.271032,0.105744,0.202641
uma,band_gap,1000,0.5,500,500,0.720334,0.185479,0.256503,0.100075,0.210755
uma,band_gap,2000,0.1,1800,200,0.803520,0.102293,0.259059,0.101073,0.143804
uma,band_gap,2000,0.2,1600,400,0.796462,0.109351,0.206573,0.080595,0.135842
uma,band_gap,2000,0.3,1400,600,0.788460,0.117353,0.190975,0.074509,0.139008
uma,band_gap,2000,0.4,1200,800,0.779223,0.126590,0.194301,0.075807,0.147553
uma,band_gap,2000,0.5,1000,1000,0.768297,0.137516,0.199836,0.077966,0.158080
uma,band_gap,5000,0.1,4500,500,0.844628,0.061185,0.142503,0.055598,0.082672
uma,band_gap,5000,0.2,4000,1000,0.839575,0.066238,0.138361,0.053982,0.085449
uma,band_gap,5000,0.3,3500,1500,0.833845,0.071968,0.116979,0.045640,0.085219
uma,band_gap,5000,0.4,3000,2000,0.827231,0.078582,0.102215,0.039880,0.088122
uma,band_gap,5000,0.5,2500,2500,0.819408,0.086405,0.096313,0.037577,0.094222
uma,band_gap,10000,0.1,9000,1000,0.865694,0.040119,0.115835,0.045193,0.060432
uma,band_gap,10000,0.2,8000,2000,0.862311,0.043502,0.081461,0.031782,0.053876
uma,band_gap,10000,0.3,7000,3000,0.858475,0.047338,0.068735,0.026817,0.054406
uma,band_gap,10000,0.4,6000,4000,0.854202,0.051611,0.059849,0.023350,0.056647
uma,band_gap,10000,0.5,5000,5000,0.849149,0.056664,0.053127,0.020728,0.060336
uma,band_gap,20000,0.1,18000,2000,0.880810,0.025003,0.070517,0.027512,0.037176
uma,band_gap,20000,0.2,16000,4000,0.878387,0.027426,0.049921,0.019477,0.033638
uma,band_gap,20000,0.3,14000,6000,0.875641,0.030172,0.038580,0.015052,0.033718
uma,band_gap,20000,0.4,12000,8000,0.872470,0.033343,0.031122,0.012142,0.035485
uma,band_gap,20000,0.5,10000,10000,0.868720,0.037093,0.025296,0.009869,0.038384
uma,density,200,0.1,180,20,0.584142,0.355796,1.088907,0.424840,0.554148
uma,density,200,0.2,160,40,0.563829,0.376109,0.805378,0.314220,0.490094
uma,density,200,0.3,140,60,0.540800,0.399138,0.663003,0.258672,0.475629
uma,density,200,0.4,120,80,0.514215,0.425723,0.583246,0.227555,0.482723
uma,density,200,0.5,100,100,0.482771,0.457167,0.523429,0.204217,0.500706
uma,density,500,0.1,450,50,0.710624,0.229314,0.462409,0.180410,0.291775
uma,density,500,0.2,400,100,0.694892,0.245046,0.308765,0.120466,0.273056
uma,density,500,0.3,350,150,0.677057,0.262881,0.280585,0.109471,0.284763
uma,density,500,0.4,300,200,0.656468,0.283470,0.263583,0.102838,0.301547
uma,density,500,0.5,250,250,0.632117,0.307821,0.251945,0.098297,0.323135
uma,density,1000,0.1,900,100,0.773595,0.166343,0.229119,0.089391,0.188841
uma,density,1000,0.2,800,200,0.763796,0.176142,0.181233,0.070708,0.189804
uma,density,1000,0.3,700,300,0.752688,0.187250,0.152717,0.059583,0.196501
uma,density,1000,0.4,600,400,0.739864,0.200074,0.132994,0.051888,0.206693
uma,density,1000,0.5,500,500,0.724696,0.215242,0.118057,0.046060,0.220115
uma,density,2000,0.1,1800,200,0.820914,0.119024,0.137408,0.053610,0.130540
uma,density,2000,0.2,1600,400,0.813189,0.126749,0.095507,0.037262,0.132113
uma,density,2000,0.3,1400,600,0.804430,0.135508,0.078899,0.030783,0.138960
uma,density,2000,0.4,1200,800,0.794319,0.145619,0.074738,0.029159,0.148510
uma,density,2000,0.5,1000,1000,0.782360,0.157578,0.072320,0.028216,0.160084
uma,density,5000,0.1,4500,500,0.870917,0.069021,0.055354,0.021596,0.072321
uma,density,5000,0.2,4000,1000,0.864658,0.075280,0.044973,0.017546,0.077297
uma,density,5000,0.3,3500,1500,0.857563,0.082375,0.039067,0.015242,0.083774
uma,density,5000,0.4,3000,2000,0.849371,0.090567,0.035113,0.013699,0.091597
uma,density,5000,0.5,2500,2500,0.839683,0.100255,0.033067,0.012901,0.101082
uma,density,10000,0.1,9000,1000,0.899201,0.040737,0.033495,0.013068,0.042782
uma,density,10000,0.2,8000,2000,0.894910,0.045028,0.024498,0.009558,0.046032
uma,density,10000,0.3,7000,3000,0.890045,0.049893,0.020267,0.007907,0.050516
uma,density,10000,0.4,6000,4000,0.883847,0.056091,0.017389,0.006784,0.056500
uma,density,10000,0.5,5000,5000,0.876516,0.063422,0.015171,0.005919,0.063698
uma,density,20000,0.1,18000,2000,0.915771,0.024167,0.019635,0.007660,0.025352
uma,density,20000,0.2,16000,4000,0.913220,0.026718,0.012992,0.005069,0.027195
uma,density,20000,0.3,14000,6000,0.910327,0.029611,0.009926,0.003873,0.029863
uma,density,20000,0.4,12000,8000,0.906988,0.032950,0.008511,0.003321,0.033117
uma,density,20000,0.5,10000,10000,0.903039,0.036899,0.007429,0.002899,0.037013
uma,bulk_modulus,200,0.1,180,20,0.732025,0.207258,1.153521,0.450049,0.495480
uma,bulk_modulus,200,0.2,160,40,0.718564,0.220719,0.697542,0.272148,0.350402
uma,bulk_modulus,200,0.3,140,60,0.703303,0.235980,0.544510,0.212442,0.317519
uma,bulk_modulus,200,0.4,120,80,0.685685,0.253598,0.549365,0.214336,0.332042
uma,bulk_modulus,200,0.5,100,100,0.664848,0.274435,0.563058,0.219678,0.351530
uma,bulk_modulus,500,0.1,450,50,0.816422,0.122861,0.347080,0.135414,0.182844
uma,bulk_modulus,500,0.2,400,100,0.805913,0.133370,0.326068,0.127216,0.184314
uma,bulk_modulus,500,0.3,350,150,0.793998,0.145285,0.293368,0.114458,0.184955
uma,bulk_modulus,500,0.4,300,200,0.780244,0.159039,0.273054,0.106533,0.191423
uma,bulk_modulus,500,0.5,250,250,0.763976,0.175307,0.264596,0.103233,0.203444
uma,bulk_modulus,1000,0.1,900,100,0.861655,0.077628,0.232420,0.090679,0.119369
uma,bulk_modulus,1000,0.2,800,200,0.854475,0.084808,0.180820,0.070547,0.110315
uma,bulk_modulus,1000,0.3,700,300,0.846335,0.092948,0.157016,0.061260,0.111320
uma,bulk_modulus,1000,0.4,600,400,0.836938,0.102345,0.141080,0.055043,0.116208
uma,bulk_modulus,1000,0.5,500,500,0.825823,0.113460,0.129538,0.050539,0.124207
uma,bulk_modulus,2000,0.1,1800,200,0.899223,0.040060,0.125219,0.048854,0.063179
uma,bulk_modulus,2000,0.2,1600,400,0.892982,0.046301,0.092591,0.036125,0.058726
uma,bulk_modulus,2000,0.3,1400,600,0.885907,0.053376,0.077746,0.030333,0.061393
uma,bulk_modulus,2000,0.4,1200,800,0.877739,0.061544,0.071294,0.027816,0.067538
uma,bulk_modulus,2000,0.5,1000,1000,0.868078,0.071205,0.066870,0.026090,0.075834
uma,bulk_modulus,5000,0.1,4500,500,0.923669,0.015614,0.056768,0.022148,0.027099
uma,bulk_modulus,5000,0.2,4000,1000,0.920929,0.018354,0.040080,0.015637,0.024112
uma,bulk_modulus,5000,0.3,3500,1500,0.917823,0.021460,0.033020,0.012883,0.025030
uma,bulk_modulus,5000,0.4,3000,2000,0.914238,0.025045,0.028066,0.010950,0.027335
uma,bulk_modulus,5000,0.5,2500,2500,0.909997,0.029286,0.024980,0.009746,0.030865
uma,bulk_modulus,10000,0.1,9000,1000,,,,,
uma,bulk_modulus,10000,0.2,8000,2000,,,,,
uma,bulk_modulus,10000,0.3,7000,3000,,,,,
uma,bulk_modulus,10000,0.4,6000,4000,,,,,
uma,bulk_modulus,10000,0.5,5000,5000,0.926120,0.013163,0.009096,0.003549,0.013633
uma,bulk_modulus,20000,0.1,18000,2000,,,,,
uma,bulk_modulus,20000,0.2,16000,4000,,,,,
uma,bulk_modulus,20000,0.3,14000,6000,,,,,
uma,bulk_modulus,20000,0.4,12000,8000,,,,,
uma,bulk_modulus,20000,0.5,10000,10000,,,,,
uma,mag_density,200,0.1,180,20,0.445319,0.386167,13.505133,5.269062,5.283194
uma,mag_density,200,0.2,160,40,0.429957,0.401529,4.625895,1.804805,1.848931
uma,mag_density,200,0.3,140,60,0.412542,0.418944,1.530373,0.597079,0.729395
uma,mag_density,200,0.4,120,80,0.392437,0.439049,1.310290,0.511213,0.673872
uma,mag_density,200,0.5,100,100,0.368658,0.462828,1.141967,0.445541,0.642430
uma,mag_density,500,0.1,450,50,0.551147,0.280339,1.296863,0.505974,0.578446
uma,mag_density,500,0.2,400,100,0.537772,0.293714,0.836076,0.326197,0.438945
uma,mag_density,500,0.3,350,150,0.522608,0.308878,0.672665,0.262442,0.405316
uma,mag_density,500,0.4,300,200,0.505103,0.326383,0.556964,0.217301,0.392104
uma,mag_density,500,0.5,250,250,0.484399,0.347087,0.526741,0.205509,0.403365
uma,mag_density,1000,0.1,900,100,0.611136,0.220350,0.703375,0.274424,0.351941
uma,mag_density,1000,0.2,800,200,0.601512,0.229974,0.448464,0.174969,0.288967
uma,mag_density,1000,0.3,700,300,0.590602,0.240884,0.383520,0.149631,0.283575
uma,mag_density,1000,0.4,600,400,0.578007,0.253479,0.338843,0.132200,0.285882
uma,mag_density,1000,0.5,500,500,0.563111,0.268375,0.305452,0.119173,0.293645
uma,mag_density,2000,0.1,1800,200,0.667535,0.163951,0.374160,0.145980,0.219522
uma,mag_density,2000,0.2,1600,400,0.657959,0.173527,0.274645,0.107154,0.203945
uma,mag_density,2000,0.3,1400,600,0.647102,0.184384,0.226432,0.088343,0.204456
uma,mag_density,2000,0.4,1200,800,0.634568,0.196918,0.201310,0.078542,0.212003
uma,mag_density,2000,0.5,1000,1000,0.619744,0.211742,0.182709,0.071284,0.223419
uma,mag_density,5000,0.1,4500,500,0.722630,0.108856,0.193924,0.075660,0.132567
uma,mag_density,5000,0.2,4000,1000,0.715872,0.115614,0.136520,0.053264,0.127293
uma,mag_density,5000,0.3,3500,1500,0.708210,0.123276,0.117992,0.046035,0.131591
uma,mag_density,5000,0.4,3000,2000,0.699366,0.132120,0.105333,0.041096,0.138364
uma,mag_density,5000,0.5,2500,2500,0.688905,0.142581,0.098006,0.038237,0.147619
uma,mag_density,10000,0.1,9000,1000,0.751827,0.079659,0.119244,0.046523,0.092250
uma,mag_density,10000,0.2,8000,2000,0.744567,0.086919,0.089496,0.034917,0.093670
uma,mag_density,10000,0.3,7000,3000,0.736337,0.095149,0.075452,0.029438,0.099599
uma,mag_density,10000,0.4,6000,4000,0.732827,0.098659,0.064286,0.025081,0.101797
uma,mag_density,10000,0.5,5000,5000,0.728675,0.102811,0.055698,0.021731,0.105082
uma,mag_density,20000,0.1,18000,2000,0.777994,0.053492,0.077784,0.030348,0.061501
uma,mag_density,20000,0.2,16000,4000,0.774052,0.057434,0.054367,0.021211,0.061226
uma,mag_density,20000,0.3,14000,6000,0.769582,0.061904,0.041514,0.016197,0.063987
uma,mag_density,20000,0.4,12000,8000,0.764423,0.067063,0.033108,0.012917,0.068296
uma,mag_density,20000,0.5,10000,10000,0.758321,0.073165,0.026537,0.010353,0.073894
uma,crystal_system,200,0.1,180,20,0.330138,0.333181,0.687383,0.268184,0.427706
uma,crystal_system,200,0.2,160,40,0.322694,0.340625,0.490780,0.191479,0.390756
uma,crystal_system,200,0.3,140,60,0.314254,0.349065,0.392479,0.153127,0.381175
uma,crystal_system,200,0.4,120,80,0.304511,0.358808,0.337489,0.131672,0.382205
uma,crystal_system,200,0.5,100,100,0.292988,0.370331,0.295324,0.115221,0.387841
uma,crystal_system,500,0.1,450,50,0.383248,0.280071,0.387030,0.151001,0.318184
uma,crystal_system,500,0.2,400,100,0.376501,0.286818,0.260440,0.101611,0.304285
uma,crystal_system,500,0.3,350,150,0.368852,0.294467,0.210433,0.082101,0.305698
uma,crystal_system,500,0.4,300,200,0.360022,0.303297,0.175102,0.068316,0.310895
uma,crystal_system,500,0.5,250,250,0.349579,0.313740,0.162279,0.063314,0.320065
uma,crystal_system,1000,0.1,900,100,0.431912,0.231407,0.237294,0.092581,0.249240
uma,crystal_system,1000,0.2,800,200,0.423370,0.239949,0.157770,0.061554,0.247719
uma,crystal_system,1000,0.3,700,300,0.413685,0.249634,0.134736,0.052568,0.255108
uma,crystal_system,1000,0.4,600,400,0.402506,0.260813,0.118735,0.046325,0.264895
uma,crystal_system,1000,0.5,500,500,0.389283,0.274036,0.106639,0.041606,0.277176
uma,crystal_system,2000,0.1,1800,200,0.474458,0.188861,0.143791,0.056101,0.197017
uma,crystal_system,2000,0.2,1600,400,0.467464,0.195855,0.105826,0.041288,0.200160
uma,crystal_system,2000,0.3,1400,600,0.459534,0.203785,0.085127,0.033212,0.206474
uma,crystal_system,2000,0.4,1200,800,0.450380,0.212939,0.071733,0.027987,0.214770
uma,crystal_system,2000,0.5,1000,1000,0.439553,0.223766,0.061411,0.023960,0.225045
uma,crystal_system,5000,0.1,4500,500,0.532213,0.131106,0.081682,0.031868,0.134924
uma,crystal_system,5000,0.2,4000,1000,0.524733,0.138586,0.052078,0.020318,0.140067
uma,crystal_system,5000,0.3,3500,1500,0.516253,0.147066,0.047578,0.018563,0.148232
uma,crystal_system,5000,0.4,3000,2000,0.506464,0.156855,0.044611,0.017405,0.157818
uma,crystal_system,5000,0.5,2500,2500,0.494886,0.168433,0.040734,0.015892,0.169181
uma,crystal_system,10000,0.1,9000,1000,0.570652,0.092667,0.047046,0.018355,0.094467
uma,crystal_system,10000,0.2,8000,2000,0.563671,0.099648,0.039440,0.015388,0.100829
uma,crystal_system,10000,0.3,7000,3000,0.555756,0.107563,0.032287,0.012597,0.108298
uma,crystal_system,10000,0.4,6000,4000,0.548035,0.115284,0.027168,0.010600,0.115770
uma,crystal_system,10000,0.5,5000,5000,0.538904,0.124415,0.023222,0.009060,0.124744
uma,crystal_system,20000,0.1,18000,2000,0.610984,0.052335,0.035164,0.013719,0.054103
uma,crystal_system,20000,0.2,16000,4000,0.604153,0.059166,0.023795,0.009283,0.059889
uma,crystal_system,20000,0.3,14000,6000,0.596410,0.066909,0.018074,0.007052,0.067280
uma,crystal_system,20000,0.4,12000,8000,0.587470,0.075849,0.014844,0.005791,0.076070
uma,crystal_system,20000,0.5,10000,10000,0.576897,0.086422,0.012336,0.004813,0.086556
uma,metal_insulator,200,0.1,180,20,0.837148,0.076728,0.332299,0.129647,0.150650
uma,metal_insulator,200,0.2,160,40,0.833515,0.080361,0.251565,0.098149,0.126850
uma,metal_insulator,200,0.3,140,60,0.829397,0.084479,0.205974,0.080361,0.116596
uma,metal_insulator,200,0.4,120,80,0.824642,0.089234,0.174840,0.068214,0.112320
uma,metal_insulator,200,0.5,100,100,0.819019,0.094857,0.150929,0.058885,0.111648
uma,metal_insulator,500,0.1,450,50,0.856313,0.057563,0.192625,0.075153,0.094665
uma,metal_insulator,500,0.2,400,100,0.854002,0.059874,0.121755,0.047503,0.076430
uma,metal_insulator,500,0.3,350,150,0.851381,0.062495,0.106532,0.041564,0.075054
uma,metal_insulator,500,0.4,300,200,0.848356,0.065520,0.096097,0.037493,0.075489
uma,metal_insulator,500,0.5,250,250,0.844777,0.069099,0.087673,0.034206,0.077102
uma,metal_insulator,1000,0.1,900,100,0.868490,0.045386,0.109673,0.042789,0.062376
uma,metal_insulator,1000,0.2,800,200,0.866464,0.047412,0.084622,0.033015,0.057774
uma,metal_insulator,1000,0.3,700,300,0.864168,0.049708,0.069075,0.026950,0.056544
uma,metal_insulator,1000,0.4,600,400,0.861517,0.052359,0.058125,0.022678,0.057059
uma,metal_insulator,1000,0.5,500,500,0.858381,0.055495,0.049686,0.019385,0.058783
uma,metal_insulator,2000,0.1,1800,200,0.878473,0.035403,0.077012,0.030046,0.046434
uma,metal_insulator,2000,0.2,1600,400,0.876836,0.037040,0.051695,0.020169,0.042175
uma,metal_insulator,2000,0.3,1400,600,0.874980,0.038896,0.041150,0.016055,0.042079
uma,metal_insulator,2000,0.4,1200,800,0.872837,0.041039,0.037501,0.014631,0.043570
uma,metal_insulator,2000,0.5,1000,1000,0.870302,0.043574,0.034804,0.013579,0.045641
uma,metal_insulator,5000,0.1,4500,500,0.889363,0.024513,0.038816,0.015144,0.028813
uma,metal_insulator,5000,0.2,4000,1000,0.887994,0.025882,0.030056,0.011727,0.028414
uma,metal_insulator,5000,0.3,3500,1500,0.886442,0.027434,0.025660,0.010011,0.029203
uma,metal_insulator,5000,0.4,3000,2000,0.884651,0.029225,0.022596,0.008816,0.030526
uma,metal_insulator,5000,0.5,2500,2500,0.882532,0.031344,0.020165,0.007867,0.032317
uma,metal_insulator,10000,0.1,9000,1000,0.897400,0.016476,0.027532,0.010742,0.019668
uma,metal_insulator,10000,0.2,8000,2000,0.896263,0.017613,0.020321,0.007928,0.019315
uma,metal_insulator,10000,0.3,7000,3000,0.894973,0.018903,0.015950,0.006223,0.019901
uma,metal_insulator,10000,0.4,6000,4000,0.892964,0.020912,0.012912,0.005038,0.021510
uma,metal_insulator,10000,0.5,5000,5000,0.890588,0.023288,0.010548,0.004115,0.023649
uma,metal_insulator,20000,0.1,18000,2000,0.904342,0.009534,0.018739,0.007311,0.012014
uma,metal_insulator,20000,0.2,16000,4000,0.903155,0.010721,0.011683,0.004558,0.011650
uma,metal_insulator,20000,0.3,14000,6000,0.901809,0.012067,0.008692,0.003391,0.012534
uma,metal_insulator,20000,0.4,12000,8000,0.900256,0.013620,0.007589,0.002961,0.013939
uma,metal_insulator,20000,0.5,10000,10000,0.898418,0.015458,0.006749,0.002633,0.015681
uma,magnetic_label,200,0.1,180,20,0.778838,0.124494,0.385160,0.150271,0.195141
uma,magnetic_label,200,0.2,160,40,0.771558,0.131774,0.304230,0.118696,0.177350
uma,magnetic_label,200,0.3,140,60,0.763305,0.140027,0.256857,0.100213,0.172192
uma,magnetic_label,200,0.4,120,80,0.753778,0.149554,0.222647,0.086866,0.172952
uma,magnetic_label,200,0.5,100,100,0.742509,0.160823,0.196701,0.076743,0.178195
uma,magnetic_label,500,0.1,450,50,0.823529,0.079803,0.211739,0.082611,0.114861
uma,magnetic_label,500,0.2,400,100,0.817983,0.085349,0.139045,0.054249,0.101130
uma,magnetic_label,500,0.3,350,150,0.811697,0.091635,0.126568,0.049381,0.104094
uma,magnetic_label,500,0.4,300,200,0.804439,0.098893,0.118714,0.046317,0.109202
uma,magnetic_label,500,0.5,250,250,0.795856,0.107476,0.112099,0.043736,0.116034
uma,magnetic_label,1000,0.1,900,100,0.843656,0.059676,0.119433,0.046597,0.075713
uma,magnetic_label,1000,0.2,800,200,0.840617,0.062715,0.096753,0.037748,0.073199
uma,magnetic_label,1000,0.3,700,300,0.837171,0.066161,0.081705,0.031877,0.073440
uma,magnetic_label,1000,0.4,600,400,0.833194,0.070138,0.071243,0.027796,0.075445
uma,magnetic_label,1000,0.5,500,500,0.828489,0.074843,0.063317,0.024703,0.078814
uma,magnetic_label,2000,0.1,1800,200,0.859849,0.043483,0.085078,0.033194,0.054705
uma,magnetic_label,2000,0.2,1600,400,0.857149,0.046183,0.061012,0.023804,0.051957
uma,magnetic_label,2000,0.3,1400,600,0.854088,0.049244,0.049675,0.019381,0.052921
uma,magnetic_label,2000,0.4,1200,800,0.850554,0.052778,0.044105,0.017208,0.055512
uma,magnetic_label,2000,0.5,1000,1000,0.846375,0.056957,0.039938,0.015582,0.059050
uma,magnetic_label,5000,0.1,4500,500,0.875560,0.027772,0.045939,0.017923,0.033053
uma,magnetic_label,5000,0.2,4000,1000,0.873629,0.029703,0.032853,0.012818,0.032350
uma,magnetic_label,5000,0.3,3500,1500,0.871440,0.031892,0.027082,0.010566,0.033597
uma,magnetic_label,5000,0.4,3000,2000,0.868912,0.034420,0.023027,0.008984,0.035573
uma,magnetic_label,5000,0.5,2500,2500,0.865923,0.037409,0.020864,0.008140,0.038285
uma,magnetic_label,10000,0.1,9000,1000,0.885579,0.017753,0.029746,0.011606,0.021210
uma,magnetic_label,10000,0.2,8000,2000,0.884166,0.019166,0.020348,0.007939,0.020745
uma,magnetic_label,10000,0.3,7000,3000,0.882563,0.020769,0.016351,0.006379,0.021727
uma,magnetic_label,10000,0.4,6000,4000,0.880146,0.023186,0.013589,0.005302,0.023784
uma,magnetic_label,10000,0.5,5000,5000,0.877288,0.026044,0.011453,0.004468,0.026425
uma,magnetic_label,20000,0.1,18000,2000,0.892969,0.010363,0.018801,0.007335,0.012696
uma,magnetic_label,20000,0.2,16000,4000,0.891742,0.011590,0.012274,0.004789,0.012541
uma,magnetic_label,20000,0.3,14000,6000,0.890350,0.012982,0.009208,0.003593,0.013470
uma,magnetic_label,20000,0.4,12000,8000,0.888744,0.014588,0.007702,0.003005,0.014894
uma,magnetic_label,20000,0.5,10000,10000,0.886844,0.016488,0.006539,0.002551,0.016684
magpie,formation_energy/atom,200,0.1,180,20,0.740558,0.149742,0.993888,0.387768,0.415676
magpie,formation_energy/atom,200,0.2,160,40,0.732828,0.157472,0.695886,0.271502,0.313864
magpie,formation_energy/atom,200,0.3,140,60,0.724063,0.166237,0.559995,0.218483,0.274535
magpie,formation_energy/atom,200,0.4,120,80,0.713945,0.176355,0.499083,0.194719,0.262710
magpie,formation_energy/atom,200,0.5,100,100,0.701978,0.188322,0.454145,0.177186,0.258573
magpie,formation_energy/atom,500,0.1,450,50,0.785981,0.104319,0.472955,0.184525,0.211971
magpie,formation_energy/atom,500,0.2,400,100,0.780388,0.109912,0.334659,0.130568,0.170671
magpie,formation_energy/atom,500,0.3,350,150,0.774047,0.116253,0.295617,0.115336,0.163759
magpie,formation_energy/atom,500,0.4,300,200,0.766727,0.123573,0.269518,0.105153,0.162257
magpie,formation_energy/atom,500,0.5,250,250,0.758070,0.132230,0.260981,0.101823,0.166891
magpie,formation_energy/atom,1000,0.1,900,100,0.809792,0.080508,0.289852,0.113086,0.138817
magpie,formation_energy/atom,1000,0.2,800,200,0.806023,0.084277,0.224117,0.087440,0.121443
magpie,formation_energy/atom,1000,0.3,700,300,0.801750,0.088550,0.201449,0.078596,0.118399
magpie,formation_energy/atom,1000,0.4,600,400,0.796818,0.093482,0.186387,0.072720,0.118436
magpie,formation_energy/atom,1000,0.5,500,500,0.790984,0.099316,0.175722,0.068558,0.120681
magpie,formation_energy/atom,2000,0.1,1800,200,0.826509,0.063791,0.200448,0.078205,0.100923
magpie,formation_energy/atom,2000,0.2,1600,400,0.823834,0.066466,0.161604,0.063050,0.091613
magpie,formation_energy/atom,2000,0.3,1400,600,0.820803,0.069497,0.140506,0.054819,0.088515
magpie,formation_energy/atom,2000,0.4,1200,800,0.817303,0.072997,0.126925,0.049520,0.088209
magpie,formation_energy/atom,2000,0.5,1000,1000,0.813163,0.077137,0.116852,0.045590,0.089602
magpie,formation_energy/atom,5000,0.1,4500,500,0.843465,0.046835,0.131601,0.051344,0.069497
magpie,formation_energy/atom,5000,0.2,4000,1000,0.841349,0.048951,0.099224,0.038712,0.062408
magpie,formation_energy/atom,5000,0.3,3500,1500,0.838951,0.051349,0.084185,0.032845,0.060955
magpie,formation_energy/atom,5000,0.4,3000,2000,0.836183,0.054117,0.073695,0.028752,0.061281
magpie,formation_energy/atom,5000,0.5,2500,2500,0.832909,0.057391,0.067216,0.026224,0.063099
magpie,formation_energy/atom,10000,0.1,9000,1000,0.856153,0.034147,0.089965,0.035100,0.048970
magpie,formation_energy/atom,10000,0.2,8000,2000,0.854473,0.035827,0.065467,0.025542,0.044000
magpie,formation_energy/atom,10000,0.3,7000,3000,0.852568,0.037732,0.053574,0.020902,0.043135
magpie,formation_energy/atom,10000,0.4,6000,4000,0.849264,0.041036,0.045526,0.017762,0.044715
magpie,formation_energy/atom,10000,0.5,5000,5000,0.845357,0.044943,0.039346,0.015351,0.047492
magpie,formation_energy/atom,20000,0.1,18000,2000,0.864614,0.025686,0.060905,0.023762,0.034992
magpie,formation_energy/atom,20000,0.2,16000,4000,0.863220,0.027080,0.041311,0.016118,0.031514
magpie,formation_energy/atom,20000,0.3,14000,6000,0.861639,0.028661,0.031046,0.012113,0.031115
magpie,formation_energy/atom,20000,0.4,12000,8000,0.859814,0.030486,0.024809,0.009679,0.031986
magpie,formation_energy/atom,20000,0.5,10000,10000,0.857656,0.032644,0.019957,0.007786,0.033560
magpie,energy_above_hull,200,0.1,180,20,-0.183126,0.479226,27.441110,10.706219,10.716939
magpie,energy_above_hull,200,0.2,160,40,-0.211223,0.507323,9.358306,3.651167,3.686244
magpie,energy_above_hull,200,0.3,140,60,-0.243076,0.539176,2.966208,1.157273,1.276712
magpie,energy_above_hull,200,0.4,120,80,-0.279848,0.575948,2.325425,0.907271,1.074642
magpie,energy_above_hull,200,0.5,100,100,-0.323340,0.619440,1.820156,0.710138,0.942339
magpie,energy_above_hull,500,0.1,450,50,-0.125389,0.421489,3.091375,1.206108,1.277634
magpie,energy_above_hull,500,0.2,400,100,-0.130125,0.426225,1.554402,0.606454,0.741252
magpie,energy_above_hull,500,0.3,350,150,-0.135493,0.431593,1.105327,0.431246,0.610120
magpie,energy_above_hull,500,0.4,300,200,-0.141691,0.437791,0.785730,0.306554,0.534450
magpie,energy_above_hull,500,0.5,250,250,-0.149021,0.445121,0.736848,0.287483,0.529886
magpie,energy_above_hull,1000,0.1,900,100,-0.035865,0.331965,1.424755,0.555872,0.647452
magpie,energy_above_hull,1000,0.2,800,200,-0.052955,0.349055,0.724660,0.282728,0.449193
magpie,energy_above_hull,1000,0.3,700,300,-0.072331,0.368431,0.646547,0.252252,0.446511
magpie,energy_above_hull,1000,0.4,600,400,-0.094698,0.390798,0.593796,0.231671,0.454307
magpie,energy_above_hull,1000,0.5,500,500,-0.121153,0.417253,0.555527,0.216740,0.470188
magpie,energy_above_hull,2000,0.1,1800,200,0.035411,0.260689,0.663845,0.259001,0.367478
magpie,energy_above_hull,2000,0.2,1600,400,0.024192,0.271908,0.529307,0.206510,0.341439
magpie,energy_above_hull,2000,0.3,1400,600,0.011473,0.284627,0.438511,0.171086,0.332089
magpie,energy_above_hull,2000,0.4,1200,800,-0.003210,0.299310,0.362877,0.141577,0.331105
magpie,energy_above_hull,2000,0.5,1000,1000,-0.020577,0.316677,0.304336,0.118738,0.338205
magpie,energy_above_hull,5000,0.1,4500,500,0.126516,0.169584,0.432808,0.168861,0.239317
magpie,energy_above_hull,5000,0.2,4000,1000,0.114741,0.181359,0.263984,0.102994,0.208564
magpie,energy_above_hull,5000,0.3,3500,1500,0.101392,0.194708,0.225297,0.087900,0.213630
magpie,energy_above_hull,5000,0.4,3000,2000,0.085982,0.210118,0.198369,0.077394,0.223919
magpie,energy_above_hull,5000,0.5,2500,2500,0.067755,0.228345,0.178742,0.069737,0.238757
magpie,energy_above_hull,10000,0.1,9000,1000,0.166627,0.129473,0.248512,0.096958,0.161753
magpie,energy_above_hull,10000,0.2,8000,2000,0.151182,0.144918,0.184218,0.071873,0.161762
magpie,energy_above_hull,10000,0.3,7000,3000,0.133672,0.162428,0.148197,0.057820,0.172412
magpie,energy_above_hull,10000,0.4,6000,4000,0.135219,0.160881,0.119729,0.046713,0.167525
magpie,energy_above_hull,10000,0.5,5000,5000,0.137049,0.159051,0.097646,0.038097,0.163550
magpie,energy_above_hull,20000,0.1,18000,2000,0.223978,0.072122,0.168420,0.065709,0.097567
magpie,energy_above_hull,20000,0.2,16000,4000,0.215255,0.080845,0.108648,0.042389,0.091284
magpie,energy_above_hull,20000,0.3,14000,6000,0.205364,0.090736,0.080486,0.031402,0.096016
magpie,energy_above_hull,20000,0.4,12000,8000,0.193947,0.102153,0.066549,0.025964,0.105401
magpie,energy_above_hull,20000,0.5,10000,10000,0.180443,0.115657,0.055760,0.021755,0.117685
magpie,band_gap,200,0.1,180,20,0.315143,0.382857,1.961763,0.765387,0.855802
magpie,band_gap,200,0.2,160,40,0.304073,0.393927,1.022009,0.398739,0.560510
magpie,band_gap,200,0.3,140,60,0.291523,0.406477,0.674239,0.263056,0.484172
magpie,band_gap,200,0.4,120,80,0.277034,0.420966,0.611030,0.238395,0.483781
magpie,band_gap,200,0.5,100,100,0.259898,0.438102,0.564374,0.220192,0.490324
magpie,band_gap,500,0.1,450,50,0.381836,0.316164,0.630013,0.245801,0.400472
magpie,band_gap,500,0.2,400,100,0.373588,0.324412,0.477679,0.186368,0.374134
magpie,band_gap,500,0.3,350,150,0.364237,0.333763,0.414511,0.161723,0.370880
magpie,band_gap,500,0.4,300,200,0.353441,0.344559,0.370825,0.144678,0.373701
magpie,band_gap,500,0.5,250,250,0.340673,0.357327,0.340327,0.132780,0.381199
magpie,band_gap,1000,0.1,900,100,0.440418,0.257582,0.426717,0.166485,0.306701
magpie,band_gap,1000,0.2,800,200,0.430158,0.267842,0.326825,0.127512,0.296646
magpie,band_gap,1000,0.3,700,300,0.418526,0.279474,0.272889,0.106468,0.299068
magpie,band_gap,1000,0.4,600,400,0.405097,0.292903,0.235196,0.091762,0.306940
magpie,band_gap,1000,0.5,500,500,0.389215,0.308785,0.206439,0.080543,0.319116
magpie,band_gap,2000,0.1,1800,200,0.496595,0.201405,0.288721,0.112645,0.230766
magpie,band_gap,2000,0.2,1600,400,0.487177,0.210823,0.202746,0.079102,0.225174
magpie,band_gap,2000,0.3,1400,600,0.476500,0.221500,0.167524,0.065360,0.230942
magpie,band_gap,2000,0.4,1200,800,0.464174,0.233826,0.156264,0.060967,0.241643
magpie,band_gap,2000,0.5,1000,1000,0.449596,0.248404,0.148401,0.057899,0.255062
magpie,band_gap,5000,0.1,4500,500,0.568137,0.129863,0.145965,0.056949,0.141801
magpie,band_gap,5000,0.2,4000,1000,0.558970,0.139030,0.118912,0.046394,0.146566
magpie,band_gap,5000,0.3,3500,1500,0.548577,0.149423,0.098039,0.038250,0.154241
magpie,band_gap,5000,0.4,3000,2000,0.536579,0.161421,0.083400,0.032539,0.164668
magpie,band_gap,5000,0.5,2500,2500,0.522388,0.175612,0.075863,0.029598,0.178089
magpie,band_gap,10000,0.1,9000,1000,0.614035,0.083965,0.104065,0.040601,0.093266
magpie,band_gap,10000,0.2,8000,2000,0.606775,0.091225,0.070767,0.027610,0.095311
magpie,band_gap,10000,0.3,7000,3000,0.598545,0.099455,0.056836,0.022175,0.101897
magpie,band_gap,10000,0.4,6000,4000,0.588371,0.109629,0.047063,0.018362,0.111156
magpie,band_gap,10000,0.5,5000,5000,0.576338,0.121662,0.039488,0.015406,0.122634
magpie,band_gap,20000,0.1,18000,2000,0.649968,0.048032,0.062994,0.024577,0.053955
magpie,band_gap,20000,0.2,16000,4000,0.644069,0.053931,0.040695,0.015877,0.056220
magpie,band_gap,20000,0.3,14000,6000,0.637381,0.060619,0.030487,0.011895,0.061775
magpie,band_gap,20000,0.4,12000,8000,0.629661,0.068339,0.025801,0.010066,0.069077
magpie,band_gap,20000,0.5,10000,10000,0.620529,0.077471,0.022197,0.008660,0.077954
magpie,density,200,0.1,180,20,0.709987,0.178413,1.929824,0.752926,0.773776
magpie,density,200,0.2,160,40,0.697353,0.191047,1.215055,0.474057,0.511106
magpie,density,200,0.3,140,60,0.683031,0.205369,0.940148,0.366801,0.420380
magpie,density,200,0.4,120,80,0.666496,0.221904,0.884478,0.345081,0.410271
magpie,density,200,0.5,100,100,0.646940,0.241460,0.850359,0.331770,0.410334
magpie,density,500,0.1,450,50,0.757928,0.130472,0.766168,0.298922,0.326156
magpie,density,500,0.2,400,100,0.752606,0.135794,0.595858,0.232476,0.269230
magpie,density,500,0.3,350,150,0.746573,0.141827,0.455210,0.177601,0.227282
magpie,density,500,0.4,300,200,0.739608,0.148792,0.354593,0.138345,0.203171
magpie,density,500,0.5,250,250,0.731370,0.157030,0.333758,0.130216,0.203997
magpie,density,1000,0.1,900,100,0.789134,0.099266,0.507878,0.198150,0.221624
magpie,density,1000,0.2,800,200,0.783835,0.104565,0.294366,0.114848,0.155318
magpie,density,1000,0.3,700,300,0.777827,0.110573,0.254378,0.099246,0.148581
magpie,density,1000,0.4,600,400,0.770891,0.117509,0.227075,0.088594,0.147164
magpie,density,1000,0.5,500,500,0.762688,0.125712,0.206889,0.080718,0.149395
magpie,density,2000,0.1,1800,200,0.811401,0.076999,0.256828,0.100202,0.126370
magpie,density,2000,0.2,1600,400,0.807889,0.080511,0.190406,0.074287,0.109548
magpie,density,2000,0.3,1400,600,0.803907,0.084493,0.161242,0.062909,0.105340
magpie,density,2000,0.4,1200,800,0.799311,0.089089,0.149338,0.058265,0.106450
magpie,density,2000,0.5,1000,1000,0.793875,0.094525,0.140889,0.054968,0.109346
magpie,density,5000,0.1,4500,500,0.832910,0.055490,0.145670,0.056833,0.079431
magpie,density,5000,0.2,4000,1000,0.830242,0.058158,0.116032,0.045270,0.073700
magpie,density,5000,0.3,3500,1500,0.827217,0.061183,0.091644,0.035755,0.070864
magpie,density,5000,0.4,3000,2000,0.823726,0.064674,0.074346,0.029006,0.070881
magpie,density,5000,0.5,2500,2500,0.819596,0.068804,0.069385,0.027071,0.073938
magpie,density,10000,0.1,9000,1000,0.849034,0.039366,0.103187,0.040259,0.056307
magpie,density,10000,0.2,8000,2000,0.845988,0.042412,0.064957,0.025343,0.049407
magpie,density,10000,0.3,7000,3000,0.842535,0.045865,0.055782,0.021764,0.050767
magpie,density,10000,0.4,6000,4000,0.839219,0.049181,0.049255,0.019217,0.052803
magpie,density,10000,0.5,5000,5000,0.835296,0.053104,0.044337,0.017298,0.055850
magpie,density,20000,0.1,18000,2000,0.858591,0.029809,0.059641,0.023269,0.037816
magpie,density,20000,0.2,16000,4000,0.857222,0.031178,0.043740,0.017065,0.035543
magpie,density,20000,0.3,14000,6000,0.855670,0.032730,0.034367,0.013408,0.035370
magpie,density,20000,0.4,12000,8000,0.853878,0.034522,0.027628,0.010779,0.036166
magpie,density,20000,0.5,10000,10000,0.851758,0.036642,0.022390,0.008736,0.037669
magpie,bulk_modulus,200,0.1,180,20,0.715039,0.167061,0.751331,0.293134,0.337397
magpie,bulk_modulus,200,0.2,160,40,0.702480,0.179620,0.506415,0.197579,0.267022
magpie,bulk_modulus,200,0.3,140,60,0.688242,0.193858,0.430478,0.167952,0.256493
magpie,bulk_modulus,200,0.4,120,80,0.671805,0.210295,0.442573,0.172671,0.272101
magpie,bulk_modulus,200,0.5,100,100,0.652365,0.229735,0.460078,0.179501,0.291545
magpie,bulk_modulus,500,0.1,450,50,0.789417,0.092683,0.295086,0.115129,0.147800
magpie,bulk_modulus,500,0.2,400,100,0.780246,0.101854,0.290834,0.113470,0.152478
magpie,bulk_modulus,500,0.3,350,150,0.769848,0.112252,0.263483,0.102799,0.152211
magpie,bulk_modulus,500,0.4,300,200,0.757845,0.124255,0.246534,0.096186,0.157134
magpie,bulk_modulus,500,0.5,250,250,0.743648,0.138452,0.234056,0.091318,0.165855
magpie,bulk_modulus,1000,0.1,900,100,0.819160,0.062940,0.239333,0.093376,0.112608
magpie,bulk_modulus,1000,0.2,800,200,0.814844,0.067256,0.188504,0.073545,0.099661
magpie,bulk_modulus,1000,0.3,700,300,0.809951,0.072149,0.157207,0.061335,0.094697
magpie,bulk_modulus,1000,0.4,600,400,0.804302,0.077798,0.135374,0.052816,0.094032
magpie,bulk_modulus,1000,0.5,500,500,0.797621,0.084479,0.118734,0.046324,0.096347
magpie,bulk_modulus,2000,0.1,1800,200,0.846199,0.035901,0.156582,0.061091,0.070859
magpie,bulk_modulus,2000,0.2,1600,400,0.841555,0.040545,0.109604,0.042762,0.058928
magpie,bulk_modulus,2000,0.3,1400,600,0.836289,0.045811,0.088346,0.034468,0.057330
magpie,bulk_modulus,2000,0.4,1200,800,0.830211,0.051889,0.079022,0.030831,0.060358
magpie,bulk_modulus,2000,0.5,1000,1000,0.823021,0.059079,0.072177,0.028160,0.065447
magpie,bulk_modulus,5000,0.1,4500,500,0.867321,0.014779,0.077842,0.030370,0.033775
magpie,bulk_modulus,5000,0.2,4000,1000,0.864856,0.017244,0.055115,0.021503,0.027563
magpie,bulk_modulus,5000,0.3,3500,1500,0.862063,0.020037,0.043760,0.017073,0.026325
magpie,bulk_modulus,5000,0.4,3000,2000,0.858837,0.023263,0.035711,0.013933,0.027116
magpie,bulk_modulus,5000,0.5,2500,2500,0.855023,0.027077,0.031189,0.012168,0.029686
magpie,bulk_modulus,10000,0.1,9000,1000,,,,,
magpie,bulk_modulus,10000,0.2,8000,2000,,,,,
magpie,bulk_modulus,10000,0.3,7000,3000,,,,,
magpie,bulk_modulus,10000,0.4,6000,4000,,,,,
magpie,bulk_modulus,10000,0.5,5000,5000,0.869525,0.012575,0.012730,0.004967,0.013520
magpie,bulk_modulus,20000,0.1,18000,2000,,,,,
magpie,bulk_modulus,20000,0.2,16000,4000,,,,,
magpie,bulk_modulus,20000,0.3,14000,6000,,,,,
magpie,bulk_modulus,20000,0.4,12000,8000,,,,,
magpie,bulk_modulus,20000,0.5,10000,10000,,,,,
magpie,mag_density,200,0.1,180,20,0.408229,0.407971,17.329731,6.761239,6.773536
magpie,mag_density,200,0.2,160,40,0.385994,0.430206,6.024419,2.350442,2.389489
magpie,mag_density,200,0.3,140,60,0.360787,0.455413,1.988328,0.775751,0.899551
magpie,mag_density,200,0.4,120,80,0.331687,0.484513,1.623058,0.633240,0.797337
magpie,mag_density,200,0.5,100,100,0.297269,0.518931,1.334902,0.520815,0.735213
magpie,mag_density,500,0.1,450,50,0.556700,0.259500,1.570527,0.612745,0.665430
magpie,mag_density,500,0.2,400,100,0.538024,0.278176,0.877566,0.342384,0.441145
magpie,mag_density,500,0.3,350,150,0.516851,0.299349,0.686892,0.267993,0.401783
magpie,mag_density,500,0.4,300,200,0.492409,0.323791,0.549532,0.214401,0.388341
magpie,mag_density,500,0.5,250,250,0.463500,0.352700,0.535688,0.209000,0.409974
magpie,mag_density,1000,0.1,900,100,0.628463,0.187737,0.705769,0.275357,0.333267
magpie,mag_density,1000,0.2,800,200,0.617430,0.198770,0.414180,0.161594,0.256167
magpie,mag_density,1000,0.3,700,300,0.604923,0.211277,0.367319,0.143310,0.255296
magpie,mag_density,1000,0.4,600,400,0.590484,0.225716,0.336320,0.131216,0.261085
magpie,mag_density,1000,0.5,500,500,0.573406,0.242794,0.314452,0.122684,0.272030
magpie,mag_density,2000,0.1,1800,200,0.681801,0.134399,0.344491,0.134404,0.190072
magpie,mag_density,2000,0.2,1600,400,0.673091,0.143109,0.268478,0.104748,0.177348
magpie,mag_density,2000,0.3,1400,600,0.663215,0.152985,0.224821,0.087714,0.176346
magpie,mag_density,2000,0.4,1200,800,0.651815,0.164385,0.194209,0.075771,0.181007
magpie,mag_density,2000,0.5,1000,1000,0.638332,0.177868,0.170934,0.066690,0.189960
magpie,mag_density,5000,0.1,4500,500,0.731258,0.084942,0.198096,0.077288,0.114841
magpie,mag_density,5000,0.2,4000,1000,0.725206,0.090994,0.129875,0.050671,0.104151
magpie,mag_density,5000,0.3,3500,1500,0.718345,0.097855,0.115043,0.044884,0.107657
magpie,mag_density,5000,0.4,3000,2000,0.710425,0.105775,0.105093,0.041002,0.113444
magpie,mag_density,5000,0.5,2500,2500,0.701058,0.115142,0.095738,0.037352,0.121049
magpie,mag_density,10000,0.1,9000,1000,0.757529,0.058671,0.114599,0.044711,0.073766
magpie,mag_density,10000,0.2,8000,2000,0.753784,0.062416,0.089357,0.034863,0.071493
magpie,mag_density,10000,0.3,7000,3000,0.749538,0.066662,0.071481,0.027888,0.072261
magpie,mag_density,10000,0.4,6000,4000,0.743643,0.072557,0.059062,0.023043,0.076128
magpie,mag_density,10000,0.5,5000,5000,0.736671,0.079529,0.049434,0.019287,0.081834
magpie,mag_density,20000,0.1,18000,2000,0.779301,0.036899,0.080096,0.031250,0.048354
magpie,mag_density,20000,0.2,16000,4000,0.775609,0.040591,0.051698,0.020170,0.045326
magpie,mag_density,20000,0.3,14000,6000,0.771424,0.044776,0.038347,0.014961,0.047209
magpie,mag_density,20000,0.4,12000,8000,0.766593,0.049607,0.031806,0.012409,0.051135
magpie,mag_density,20000,0.5,10000,10000,0.760879,0.055321,0.026743,0.010434,0.056296
magpie,crystal_system,200,0.1,180,20,0.253117,0.267083,0.504739,0.196925,0.331832
magpie,crystal_system,200,0.2,160,40,0.246907,0.273293,0.366023,0.142805,0.308354
magpie,crystal_system,200,0.3,140,60,0.239867,0.280333,0.298366,0.116408,0.303541
magpie,crystal_system,200,0.4,120,80,0.231740,0.288460,0.262259,0.102321,0.306070
magpie,crystal_system,200,0.5,100,100,0.222128,0.298072,0.234678,0.091560,0.311818
magpie,crystal_system,500,0.1,450,50,0.288861,0.231339,0.302188,0.117900,0.259650
magpie,crystal_system,500,0.2,400,100,0.284476,0.235724,0.215868,0.084222,0.250318
magpie,crystal_system,500,0.3,350,150,0.279505,0.240695,0.178515,0.069648,0.250569
magpie,crystal_system,500,0.4,300,200,0.273766,0.246434,0.152150,0.059362,0.253482
magpie,crystal_system,500,0.5,250,250,0.266979,0.253221,0.139406,0.054390,0.258996
magpie,crystal_system,1000,0.1,900,100,0.321762,0.198438,0.204619,0.079833,0.213895
magpie,crystal_system,1000,0.2,800,200,0.315955,0.204245,0.143312,0.055913,0.211760
magpie,crystal_system,1000,0.3,700,300,0.309371,0.210829,0.120438,0.046989,0.216002
magpie,crystal_system,1000,0.4,600,400,0.301772,0.218428,0.104367,0.040719,0.222191
magpie,crystal_system,1000,0.5,500,500,0.292783,0.227417,0.092043,0.035911,0.230235
magpie,crystal_system,2000,0.1,1800,200,0.352521,0.167679,0.135651,0.052924,0.175833
magpie,crystal_system,2000,0.2,1600,400,0.347399,0.172801,0.097547,0.038058,0.176943
magpie,crystal_system,2000,0.3,1400,600,0.341591,0.178609,0.077432,0.030210,0.181146
magpie,crystal_system,2000,0.4,1200,800,0.334886,0.185314,0.065056,0.025382,0.187044
magpie,crystal_system,2000,0.5,1000,1000,0.326956,0.193244,0.055499,0.021653,0.194453
magpie,crystal_system,5000,0.1,4500,500,0.400899,0.119301,0.077972,0.030421,0.123119
magpie,crystal_system,5000,0.2,4000,1000,0.394538,0.125662,0.049926,0.019479,0.127163
magpie,crystal_system,5000,0.3,3500,1500,0.387326,0.132874,0.044039,0.017182,0.133980
magpie,crystal_system,5000,0.4,3000,2000,0.379001,0.141199,0.039977,0.015597,0.142057
magpie,crystal_system,5000,0.5,2500,2500,0.369155,0.151045,0.036340,0.014178,0.151709
magpie,crystal_system,10000,0.1,9000,1000,0.434005,0.086195,0.046672,0.018209,0.088097
magpie,crystal_system,10000,0.2,8000,2000,0.429121,0.091079,0.036750,0.014338,0.092201
magpie,crystal_system,10000,0.3,7000,3000,0.423584,0.096616,0.030017,0.011711,0.097323
magpie,crystal_system,10000,0.4,6000,4000,0.415798,0.104402,0.025324,0.009880,0.104869
magpie,crystal_system,10000,0.5,5000,5000,0.406589,0.113611,0.021707,0.008469,0.113926
magpie,crystal_system,20000,0.1,18000,2000,0.468775,0.051425,0.034197,0.013342,0.053128
magpie,crystal_system,20000,0.2,16000,4000,0.462683,0.057517,0.023292,0.009087,0.058231
magpie,crystal_system,20000,0.3,14000,6000,0.455777,0.064423,0.017630,0.006878,0.064790
magpie,crystal_system,20000,0.4,12000,8000,0.447804,0.072396,0.014243,0.005557,0.072609
magpie,crystal_system,20000,0.5,10000,10000,0.438374,0.081826,0.011609,0.004529,0.081951
magpie,metal_insulator,200,0.1,180,20,0.754923,0.090477,0.356235,0.138986,0.165841
magpie,metal_insulator,200,0.2,160,40,0.752594,0.092806,0.245007,0.095590,0.133231
magpie,metal_insulator,200,0.3,140,60,0.749953,0.095447,0.194789,0.075997,0.122007
magpie,metal_insulator,200,0.4,120,80,0.746905,0.098495,0.172343,0.067240,0.119258
magpie,metal_insulator,200,0.5,100,100,0.743299,0.102101,0.155271,0.060579,0.118720
magpie,metal_insulator,500,0.1,450,50,0.769076,0.076324,0.194245,0.075785,0.107558
magpie,metal_insulator,500,0.2,400,100,0.767323,0.078077,0.140739,0.054910,0.095452
magpie,metal_insulator,500,0.3,350,150,0.765336,0.080064,0.120611,0.047057,0.092869
magpie,metal_insulator,500,0.4,300,200,0.763041,0.082359,0.106509,0.041555,0.092248
magpie,metal_insulator,500,0.5,250,250,0.760328,0.085072,0.097142,0.037900,0.093133
magpie,metal_insulator,1000,0.1,900,100,0.782189,0.063211,0.131748,0.051402,0.081473
magpie,metal_insulator,1000,0.2,800,200,0.779875,0.065525,0.098942,0.038603,0.076050
magpie,metal_insulator,1000,0.3,700,300,0.777253,0.068147,0.082244,0.032088,0.075324
magpie,metal_insulator,1000,0.4,600,400,0.774225,0.071175,0.070505,0.027508,0.076306
magpie,metal_insulator,1000,0.5,500,500,0.770644,0.074756,0.061493,0.023992,0.078512
magpie,metal_insulator,2000,0.1,1800,200,0.794423,0.050977,0.092403,0.036051,0.062437
magpie,metal_insulator,2000,0.2,1600,400,0.792386,0.053014,0.064834,0.025295,0.058739
magpie,metal_insulator,2000,0.3,1400,600,0.790077,0.055323,0.051756,0.020193,0.058893
magpie,metal_insulator,2000,0.4,1200,800,0.787411,0.057989,0.045179,0.017627,0.060609
magpie,metal_insulator,2000,0.5,1000,1000,0.784258,0.061142,0.040155,0.015667,0.063117
magpie,metal_insulator,5000,0.1,4500,500,0.812474,0.032926,0.050278,0.019616,0.038327
magpie,metal_insulator,5000,0.2,4000,1000,0.810116,0.035284,0.035342,0.013789,0.037882
magpie,metal_insulator,5000,0.3,3500,1500,0.807444,0.037956,0.029542,0.011526,0.039667
magpie,metal_insulator,5000,0.4,3000,2000,0.804359,0.041041,0.025475,0.009939,0.042227
magpie,metal_insulator,5000,0.5,2500,2500,0.800711,0.044689,0.023446,0.009148,0.045616
magpie,metal_insulator,10000,0.1,9000,1000,0.823521,0.021879,0.032847,0.012815,0.025356
magpie,metal_insulator,10000,0.2,8000,2000,0.821994,0.023406,0.023179,0.009043,0.025093
magpie,metal_insulator,10000,0.3,7000,3000,0.820262,0.025138,0.019301,0.007530,0.026242
magpie,metal_insulator,10000,0.4,6000,4000,0.817660,0.027740,0.016627,0.006487,0.028489
magpie,metal_insulator,10000,0.5,5000,5000,0.814582,0.030818,0.014578,0.005688,0.031338
magpie,metal_insulator,20000,0.1,18000,2000,0.833841,0.011559,0.021636,0.008441,0.014313
magpie,metal_insulator,20000,0.2,16000,4000,0.832047,0.013353,0.015315,0.005975,0.014629
magpie,metal_insulator,20000,0.3,14000,6000,0.830013,0.015387,0.011912,0.004647,0.016074
magpie,metal_insulator,20000,0.4,12000,8000,0.827664,0.017736,0.009752,0.003805,0.018139
magpie,metal_insulator,20000,0.5,10000,10000,0.824887,0.020513,0.008077,0.003151,0.020754
magpie,magnetic_label,200,0.1,180,20,0.715807,0.144093,0.425653,0.166069,0.219868
magpie,magnetic_label,200,0.2,160,40,0.709509,0.150391,0.319468,0.124641,0.195328
magpie,magnetic_label,200,0.3,140,60,0.702368,0.157532,0.265803,0.103704,0.188602
magpie,magnetic_label,200,0.4,120,80,0.694125,0.165775,0.235249,0.091783,0.189487
magpie,magnetic_label,200,0.5,100,100,0.684376,0.175524,0.212401,0.082869,0.194103
magpie,magnetic_label,500,0.1,450,50,0.751803,0.108097,0.241153,0.094086,0.143308
magpie,magnetic_label,500,0.2,400,100,0.747393,0.112507,0.169993,0.066323,0.130601
magpie,magnetic_label,500,0.3,350,150,0.742394,0.117506,0.143753,0.056086,0.130205
magpie,magnetic_label,500,0.4,300,200,0.736622,0.123278,0.125498,0.048964,0.132646
magpie,magnetic_label,500,0.5,250,250,0.729796,0.130104,0.116742,0.045547,0.137847
magpie,magnetic_label,1000,0.1,900,100,0.772290,0.087610,0.153239,0.059786,0.106066
magpie,magnetic_label,1000,0.2,800,200,0.768975,0.090925,0.110082,0.042949,0.100558
magpie,magnetic_label,1000,0.3,700,300,0.765217,0.094683,0.092913,0.036250,0.101385
magpie,magnetic_label,1000,0.4,600,400,0.760879,0.099021,0.080928,0.031574,0.103933
magpie,magnetic_label,1000,0.5,500,500,0.755748,0.104152,0.071809,0.028017,0.107854
magpie,magnetic_label,2000,0.1,1800,200,0.793400,0.066500,0.098444,0.038408,0.076795
magpie,magnetic_label,2000,0.2,1600,400,0.789764,0.070136,0.071153,0.027760,0.075430
magpie,magnetic_label,2000,0.3,1400,600,0.785642,0.074258,0.057725,0.022522,0.077598
magpie,magnetic_label,2000,0.4,1200,800,0.780883,0.079017,0.050465,0.019689,0.081433
magpie,magnetic_label,2000,0.5,1000,1000,0.775255,0.084645,0.044965,0.017543,0.086444
magpie,magnetic_label,5000,0.1,4500,500,0.817355,0.042545,0.053697,0.020950,0.047423
magpie,magnetic_label,5000,0.2,4000,1000,0.814348,0.045552,0.037144,0.014492,0.047801
magpie,magnetic_label,5000,0.3,3500,1500,0.810939,0.048961,0.031244,0.012190,0.050456
magpie,magnetic_label,5000,0.4,3000,2000,0.807004,0.052896,0.027127,0.010584,0.053945
magpie,magnetic_label,5000,0.5,2500,2500,0.802349,0.057551,0.025235,0.009845,0.058387
magpie,magnetic_label,10000,0.1,9000,1000,0.832951,0.026949,0.033422,0.013040,0.029938
magpie,magnetic_label,10000,0.2,8000,2000,0.830700,0.029200,0.023796,0.009284,0.030641
magpie,magnetic_label,10000,0.3,7000,3000,0.828148,0.031752,0.020132,0.007854,0.032709
magpie,magnetic_label,10000,0.4,6000,4000,0.824436,0.035464,0.017650,0.006886,0.036127
magpie,magnetic_label,10000,0.5,5000,5000,0.820045,0.039855,0.015773,0.006154,0.040327
magpie,magnetic_label,20000,0.1,18000,2000,0.842995,0.016905,0.022068,0.008610,0.018972
magpie,magnetic_label,20000,0.2,16000,4000,0.841385,0.018515,0.015946,0.006222,0.019532
magpie,magnetic_label,20000,0.3,14000,6000,0.839561,0.020339,0.012517,0.004884,0.020917
magpie,magnetic_label,20000,0.4,12000,8000,0.837455,0.022445,0.010211,0.003984,0.022796
magpie,magnetic_label,20000,0.5,10000,10000,0.834964,0.024936,0.008421,0.003286,0.025152
