arm,target,method,axis,n,reps,median,p10,p90,spread,spread_direct,ceiling,ceiling_source,gap
uma,band_gap,linear,train,50,30,0.495820,0.412163,0.560436,0.159337,0.148273,0.761378,reference,0.265557
uma,band_gap,linear,train,100,30,0.598221,0.550350,0.629484,0.098389,0.079133,0.761378,reference,0.163157
uma,band_gap,linear,train,200,30,0.640945,0.599538,0.653348,0.053527,0.053810,0.761378,reference,0.120433
uma,band_gap,linear,train,500,30,0.687997,0.675039,0.696725,0.020244,0.021686,0.761378,reference,0.073381
uma,band_gap,linear,train,1000,30,0.714916,0.707119,0.720821,0.012791,0.013703,0.761378,reference,0.046461
uma,band_gap,linear,train,2000,30,0.732255,0.728820,0.736960,0.009191,0.008140,0.761378,reference,0.029122
uma,band_gap,linear,train,5000,10,0.749813,0.748148,0.751246,0.003804,0.003098,0.761378,reference,0.011565
uma,band_gap,linear,train,7000,7,0.752125,0.750710,0.753951,0.003565,0.003241,0.761378,reference,0.009253
uma,band_gap,linear,train,10000,7,0.755969,0.755273,0.757893,0.003019,0.002619,0.761378,reference,0.005409
uma,band_gap,linear,train,20000,6,0.760985,0.759851,0.761709,0.002180,0.001858,0.761378,reference,0.000392
uma,band_gap,xgboost,train,50,30,0.403027,0.347353,0.497835,0.170075,0.150482,0.905813,reference,0.502786
uma,band_gap,xgboost,train,100,30,0.559523,0.498831,0.597858,0.112422,0.099027,0.905813,reference,0.346290
uma,band_gap,xgboost,train,200,30,0.632087,0.585911,0.644059,0.067390,0.058148,0.905813,reference,0.273726
uma,band_gap,xgboost,train,500,30,0.720334,0.703677,0.731317,0.029691,0.027640,0.905813,reference,0.185479
uma,band_gap,xgboost,train,1000,30,0.768297,0.756877,0.776890,0.018864,0.020013,0.905813,reference,0.137516
uma,band_gap,xgboost,train,2000,30,0.809834,0.803029,0.813436,0.013974,0.010408,0.905813,reference,0.095980
uma,band_gap,xgboost,train,5000,10,0.849149,0.845672,0.853174,0.008175,0.007502,0.905813,reference,0.056665
uma,band_gap,xgboost,train,7000,7,0.858475,0.856614,0.863509,0.008137,0.006895,0.905813,reference,0.047338
uma,band_gap,xgboost,train,10000,7,0.868720,0.866464,0.874257,0.010783,0.007792,0.905813,reference,0.037093
uma,band_gap,xgboost,train,20000,6,0.882977,0.882056,0.889809,0.009781,0.007753,0.905813,reference,0.022836
uma,bulk_modulus,linear,train,50,30,0.666759,0.604189,0.725725,0.133363,0.121536,0.918611,reference,0.251852
uma,bulk_modulus,linear,train,100,30,0.757629,0.708564,0.788826,0.080048,0.080261,0.918611,reference,0.160983
uma,bulk_modulus,linear,train,200,30,0.805524,0.797048,0.825663,0.031519,0.028615,0.918611,reference,0.113087
uma,bulk_modulus,linear,train,500,12,0.854800,0.848394,0.865916,0.019337,0.017522,0.918611,reference,0.063811
uma,bulk_modulus,linear,train,1000,6,0.877044,0.869805,0.881908,0.015837,0.012103,0.918611,reference,0.041567
uma,bulk_modulus,linear,train,2000,3,0.892751,0.890645,0.896426,0.009374,0.005781,0.918611,reference,0.025860
uma,bulk_modulus,linear,train,5000,1,0.906906,0.906906,0.906906,,0.000000,0.918611,reference,0.011705
uma,bulk_modulus,xgboost,train,50,30,0.577141,0.474344,0.633238,0.185063,0.158894,0.939283,reference,0.362143
uma,bulk_modulus,xgboost,train,100,30,0.664848,0.597385,0.695251,0.133077,0.097866,0.939283,reference,0.274436
uma,bulk_modulus,xgboost,train,200,30,0.744066,0.708167,0.767688,0.065376,0.059521,0.939283,reference,0.195217
uma,bulk_modulus,xgboost,train,500,12,0.825823,0.808457,0.833962,0.028242,0.025504,0.939283,reference,0.113460
uma,bulk_modulus,xgboost,train,1000,6,0.868078,0.861393,0.872841,0.013447,0.011448,0.939283,reference,0.071205
uma,bulk_modulus,xgboost,train,2000,3,0.904806,0.900764,0.905580,0.008285,0.004815,0.939283,reference,0.034477
uma,bulk_modulus,xgboost,train,5000,1,0.926120,0.926120,0.926120,,0.000000,0.939283,reference,0.013163
uma,crystal_system,linear,train,50,30,0.268417,0.242383,0.288147,0.048951,0.045764,0.531052,reference,0.262635
uma,crystal_system,linear,train,100,30,0.294866,0.279297,0.314730,0.048373,0.035433,0.531052,reference,0.236187
uma,crystal_system,linear,train,200,30,0.331480,0.311637,0.348744,0.044511,0.037107,0.531052,reference,0.199572
uma,crystal_system,linear,train,500,30,0.363420,0.353717,0.378030,0.025888,0.024314,0.531052,reference,0.167632
uma,crystal_system,linear,train,1000,30,0.388131,0.374800,0.393467,0.019079,0.018667,0.531052,reference,0.142921
uma,crystal_system,linear,train,2000,30,0.410267,0.403346,0.415376,0.010938,0.012030,0.531052,reference,0.120785
uma,crystal_system,linear,train,5000,10,0.459474,0.454329,0.464465,0.011552,0.010136,0.531052,reference,0.071578
uma,crystal_system,linear,train,7000,7,0.476014,0.471297,0.479210,0.009575,0.007913,0.531052,reference,0.055038
uma,crystal_system,linear,train,10000,7,0.491608,0.488559,0.493861,0.006675,0.005303,0.531052,reference,0.039444
uma,crystal_system,linear,train,20000,6,0.512590,0.509271,0.513706,0.006610,0.004435,0.531052,reference,0.018462
uma,crystal_system,xgboost,train,50,30,0.251432,0.230726,0.273483,0.047623,0.042757,0.663319,reference,0.411887
uma,crystal_system,xgboost,train,100,30,0.292988,0.278099,0.318205,0.048375,0.040106,0.663319,reference,0.370330
uma,crystal_system,xgboost,train,200,30,0.336797,0.314605,0.354363,0.041420,0.039759,0.663319,reference,0.326521
uma,crystal_system,xgboost,train,500,30,0.389283,0.383497,0.407647,0.025858,0.024150,0.663319,reference,0.274036
uma,crystal_system,xgboost,train,1000,30,0.439553,0.424997,0.445928,0.021805,0.020931,0.663319,reference,0.223766
uma,crystal_system,xgboost,train,2000,30,0.480715,0.472130,0.485323,0.014210,0.013193,0.663319,reference,0.182604
uma,crystal_system,xgboost,train,5000,10,0.538904,0.536397,0.545571,0.013186,0.009175,0.663319,reference,0.124415
uma,crystal_system,xgboost,train,7000,7,0.555756,0.551571,0.559236,0.010251,0.007665,0.663319,reference,0.107563
uma,crystal_system,xgboost,train,10000,7,0.576897,0.574884,0.579442,0.005463,0.004558,0.663319,reference,0.086422
uma,crystal_system,xgboost,train,20000,6,0.617094,0.612724,0.618356,0.006819,0.005632,0.663319,reference,0.046225
uma,density,linear,train,50,30,0.517423,0.426573,0.582091,0.176458,0.155517,0.885076,reference,0.367653
uma,density,linear,train,100,30,0.626429,0.569174,0.689051,0.122062,0.119877,0.885076,reference,0.258648
uma,density,linear,train,200,30,0.712416,0.679563,0.738647,0.060431,0.059085,0.885076,reference,0.172660
uma,density,linear,train,500,30,0.789451,0.773033,0.803193,0.028454,0.030160,0.885076,reference,0.095625
uma,density,linear,train,1000,30,0.820281,0.811192,0.829600,0.020431,0.018407,0.885076,reference,0.064795
uma,density,linear,train,2000,30,0.844650,0.838211,0.847275,0.008875,0.009064,0.885076,reference,0.040426
uma,density,linear,train,5000,10,0.867670,0.866187,0.872074,0.006275,0.005887,0.885076,reference,0.017407
uma,density,linear,train,7000,7,0.872612,0.871731,0.875143,0.004144,0.003412,0.885076,reference,0.012464
uma,density,linear,train,10000,7,0.877181,0.875556,0.878784,0.003727,0.003228,0.885076,reference,0.007895
uma,density,linear,train,20000,6,0.881816,0.881265,0.883055,0.002128,0.001790,0.885076,reference,0.003260
uma,density,xgboost,train,50,30,0.370673,0.255827,0.438530,0.289211,0.182702,0.939938,reference,0.569265
uma,density,xgboost,train,100,30,0.482771,0.398085,0.538936,0.154612,0.140852,0.939938,reference,0.457167
uma,density,xgboost,train,200,30,0.602313,0.583097,0.645728,0.066593,0.062631,0.939938,reference,0.337625
uma,density,xgboost,train,500,30,0.724696,0.692946,0.743641,0.049449,0.050695,0.939938,reference,0.215242
uma,density,xgboost,train,1000,30,0.782360,0.766613,0.793607,0.027004,0.026994,0.939938,reference,0.157579
uma,density,xgboost,train,2000,30,0.827825,0.818700,0.834851,0.018491,0.016151,0.939938,reference,0.112113
uma,density,xgboost,train,5000,10,0.876516,0.874295,0.878943,0.006680,0.004648,0.939938,reference,0.063423
uma,density,xgboost,train,7000,7,0.890045,0.887224,0.891189,0.005364,0.003965,0.939938,reference,0.049893
uma,density,xgboost,train,10000,7,0.903039,0.900269,0.904052,0.004462,0.003784,0.939938,reference,0.036899
uma,density,xgboost,train,20000,6,0.918053,0.917814,0.920633,0.003984,0.002820,0.939938,reference,0.021885
uma,energy_above_hull,linear,train,50,30,0.394308,0.085002,0.575636,0.444283,0.490633,0.898469,reference,0.504162
uma,energy_above_hull,linear,train,100,30,0.607572,0.453925,0.671207,0.285390,0.217282,0.898469,reference,0.290897
uma,energy_above_hull,linear,train,200,30,0.702872,0.553460,0.751037,0.221307,0.197577,0.898469,reference,0.195597
uma,energy_above_hull,linear,train,500,30,0.781619,0.738707,0.813099,0.073437,0.074393,0.898469,reference,0.116850
uma,energy_above_hull,linear,train,1000,30,0.825314,0.807908,0.845460,0.034708,0.037552,0.898469,reference,0.073155
uma,energy_above_hull,linear,train,2000,30,0.859611,0.853022,0.867262,0.015782,0.014240,0.898469,reference,0.038859
uma,energy_above_hull,linear,train,5000,10,0.883636,0.879065,0.885921,0.007320,0.006855,0.898469,reference,0.014833
uma,energy_above_hull,linear,train,7000,7,0.888992,0.883773,0.891485,0.009685,0.007711,0.898469,reference,0.009477
uma,energy_above_hull,linear,train,10000,7,0.891941,0.890963,0.894602,0.004138,0.003638,0.898469,reference,0.006528
uma,energy_above_hull,linear,train,20000,6,0.896196,0.893777,0.898649,0.005593,0.004872,0.898469,reference,0.002273
uma,energy_above_hull,xgboost,train,50,30,0.193912,-0.007759,0.442712,0.713570,0.450472,0.959220,reference,0.765308
uma,energy_above_hull,xgboost,train,100,30,0.500141,0.218388,0.593520,0.565807,0.375132,0.959220,reference,0.459079
uma,energy_above_hull,xgboost,train,200,30,0.612027,0.438145,0.708258,0.283065,0.270113,0.959220,reference,0.347193
uma,energy_above_hull,xgboost,train,500,30,0.764937,0.740444,0.791164,0.105661,0.050720,0.959220,reference,0.194283
uma,energy_above_hull,xgboost,train,1000,30,0.833819,0.792591,0.851250,0.077922,0.058660,0.959220,reference,0.125402
uma,energy_above_hull,xgboost,train,2000,30,0.870986,0.854187,0.883711,0.032202,0.029524,0.959220,reference,0.088234
uma,energy_above_hull,xgboost,train,5000,10,0.916486,0.909226,0.919176,0.012777,0.009950,0.959220,reference,0.042734
uma,energy_above_hull,xgboost,train,7000,7,0.924750,0.915286,0.927448,0.014263,0.012163,0.959220,reference,0.034470
uma,energy_above_hull,xgboost,train,10000,7,0.934468,0.930200,0.935549,0.006697,0.005349,0.959220,reference,0.024752
uma,energy_above_hull,xgboost,train,20000,6,0.944872,0.942819,0.946054,0.003992,0.003235,0.959220,reference,0.014349
uma,formation_energy/atom,linear,train,50,30,0.828245,0.781305,0.861768,0.079077,0.080463,0.984223,reference,0.155979
uma,formation_energy/atom,linear,train,100,30,0.890019,0.853628,0.909290,0.057995,0.055662,0.984223,reference,0.094204
uma,formation_energy/atom,linear,train,200,30,0.930223,0.919840,0.936982,0.021559,0.017142,0.984223,reference,0.054000
uma,formation_energy/atom,linear,train,500,30,0.956094,0.947499,0.961923,0.014452,0.014424,0.984223,reference,0.028129
uma,formation_energy/atom,linear,train,1000,30,0.969809,0.966906,0.971745,0.006816,0.004839,0.984223,reference,0.014415
uma,formation_energy/atom,linear,train,2000,30,0.976587,0.974981,0.978106,0.003509,0.003125,0.984223,reference,0.007636
uma,formation_energy/atom,linear,train,5000,10,0.981920,0.980838,0.982492,0.001849,0.001654,0.984223,reference,0.002304
uma,formation_energy/atom,linear,train,7000,7,0.982254,0.981758,0.983046,0.001671,0.001288,0.984223,reference,0.001969
uma,formation_energy/atom,linear,train,10000,7,0.983167,0.981976,0.983574,0.001840,0.001598,0.984223,reference,0.001056
uma,formation_energy/atom,linear,train,20000,6,0.984136,0.983594,0.984216,0.001083,0.000622,0.984223,reference,0.000088
uma,formation_energy/atom,xgboost,train,50,30,0.715525,0.649714,0.778316,0.129870,0.128602,0.989761,reference,0.274236
uma,formation_energy/atom,xgboost,train,100,30,0.802674,0.764354,0.850323,0.083462,0.085969,0.989761,reference,0.187088
uma,formation_energy/atom,xgboost,train,200,30,0.873652,0.849750,0.891316,0.054727,0.041567,0.989761,reference,0.116109
uma,formation_energy/atom,xgboost,train,500,30,0.918550,0.909575,0.926730,0.018197,0.017155,0.989761,reference,0.071212
uma,formation_energy/atom,xgboost,train,1000,30,0.946058,0.941959,0.950671,0.011109,0.008712,0.989761,reference,0.043703
uma,formation_energy/atom,xgboost,train,2000,30,0.962762,0.958881,0.964853,0.006559,0.005972,0.989761,reference,0.027000
uma,formation_energy/atom,xgboost,train,5000,10,0.976049,0.975573,0.977434,0.002353,0.001861,0.989761,reference,0.013712
uma,formation_energy/atom,xgboost,train,7000,7,0.979588,0.978218,0.979848,0.002030,0.001630,0.989761,reference,0.010173
uma,formation_energy/atom,xgboost,train,10000,7,0.981574,0.981270,0.982362,0.001889,0.001093,0.989761,reference,0.008187
uma,formation_energy/atom,xgboost,train,20000,6,0.985386,0.985091,0.986389,0.001598,0.001298,0.989761,reference,0.004375
uma,mag_density,linear,train,50,30,0.269338,0.161434,0.390154,0.248149,0.228720,0.731974,reference,0.462636
uma,mag_density,linear,train,100,30,0.405069,0.252201,0.463859,0.206102,0.211658,0.731974,reference,0.326905
uma,mag_density,linear,train,200,30,0.493467,0.398277,0.532599,0.127513,0.134322,0.731974,reference,0.238508
uma,mag_density,linear,train,500,30,0.584717,0.555098,0.598428,0.050802,0.043330,0.731974,reference,0.147258
uma,mag_density,linear,train,1000,30,0.615681,0.601959,0.631745,0.031345,0.029786,0.731974,reference,0.116293
uma,mag_density,linear,train,2000,30,0.652686,0.638904,0.661074,0.024017,0.022170,0.731974,reference,0.079288
uma,mag_density,linear,train,5000,10,0.685106,0.672694,0.694592,0.021521,0.021898,0.731974,reference,0.046868
uma,mag_density,linear,train,7000,7,0.692385,0.683942,0.701854,0.021582,0.017912,0.731974,reference,0.039589
uma,mag_density,linear,train,10000,7,0.705408,0.697670,0.709057,0.013093,0.011387,0.731974,reference,0.026566
uma,mag_density,linear,train,20000,6,0.713723,0.705218,0.716348,0.016486,0.011130,0.731974,reference,0.018251
uma,mag_density,xgboost,train,50,30,0.235343,0.063250,0.323988,0.264575,0.260738,0.831486,reference,0.596143
uma,mag_density,xgboost,train,100,30,0.368658,0.266301,0.405431,0.168857,0.139131,0.831486,reference,0.462828
uma,mag_density,xgboost,train,200,30,0.459060,0.406313,0.490050,0.090587,0.083736,0.831486,reference,0.372426
uma,mag_density,xgboost,train,500,30,0.563111,0.538850,0.587410,0.048785,0.048560,0.831486,reference,0.268375
uma,mag_density,xgboost,train,1000,30,0.619744,0.601073,0.636892,0.037133,0.035820,0.831486,reference,0.211743
uma,mag_density,xgboost,train,2000,30,0.676102,0.665650,0.688687,0.024024,0.023037,0.831486,reference,0.155384
uma,mag_density,xgboost,train,5000,10,0.728675,0.721072,0.733231,0.013054,0.012159,0.831486,reference,0.102812
uma,mag_density,xgboost,train,7000,7,0.736337,0.733998,0.744734,0.013904,0.010736,0.831486,reference,0.095149
uma,mag_density,xgboost,train,10000,7,0.758321,0.753891,0.763515,0.012620,0.009624,0.831486,reference,0.073165
uma,mag_density,xgboost,train,20000,6,0.781520,0.776927,0.785477,0.010626,0.008550,0.831486,reference,0.049966
uma,magnetic_label,linear,train,50,30,0.729234,0.695649,0.768032,0.074516,0.072383,0.884001,reference,0.154767
uma,magnetic_label,linear,train,100,30,0.769977,0.732702,0.791406,0.061083,0.058704,0.884001,reference,0.114023
uma,magnetic_label,linear,train,200,30,0.796312,0.780201,0.812996,0.038290,0.032795,0.884001,reference,0.087689
uma,magnetic_label,linear,train,500,30,0.817517,0.805318,0.830513,0.025194,0.025194,0.884001,reference,0.066484
uma,magnetic_label,linear,train,1000,30,0.822665,0.811497,0.832870,0.020535,0.021374,0.884001,reference,0.061336
uma,magnetic_label,linear,train,2000,30,0.838796,0.831965,0.847391,0.016172,0.015426,0.884001,reference,0.045204
uma,magnetic_label,linear,train,5000,10,0.864783,0.860493,0.866149,0.006115,0.005656,0.884001,reference,0.019218
uma,magnetic_label,linear,train,7000,7,0.872354,0.870644,0.872881,0.002646,0.002237,0.884001,reference,0.011647
uma,magnetic_label,linear,train,10000,7,0.874564,0.873541,0.878449,0.006080,0.004909,0.884001,reference,0.009437
uma,magnetic_label,linear,train,20000,6,0.879644,0.877806,0.881784,0.004901,0.003978,0.884001,reference,0.004357
uma,magnetic_label,xgboost,train,50,30,0.701320,0.641074,0.727918,0.095876,0.086844,0.903332,reference,0.202012
uma,magnetic_label,xgboost,train,100,30,0.742509,0.711552,0.768179,0.058594,0.056627,0.903332,reference,0.160823
uma,magnetic_label,xgboost,train,200,30,0.785350,0.771046,0.802249,0.032442,0.031203,0.903332,reference,0.117982
uma,magnetic_label,xgboost,train,500,30,0.828489,0.817044,0.839345,0.020538,0.022301,0.903332,reference,0.074842
uma,magnetic_label,xgboost,train,1000,30,0.846375,0.841515,0.853266,0.012324,0.011751,0.903332,reference,0.056957
uma,magnetic_label,xgboost,train,2000,30,0.862264,0.858024,0.865777,0.007474,0.007753,0.903332,reference,0.041068
uma,magnetic_label,xgboost,train,5000,10,0.877288,0.875899,0.878923,0.003921,0.003024,0.903332,reference,0.026043
uma,magnetic_label,xgboost,train,7000,7,0.882563,0.879984,0.883838,0.005061,0.003854,0.903332,reference,0.020769
uma,magnetic_label,xgboost,train,10000,7,0.886844,0.886103,0.888509,0.003342,0.002406,0.903332,reference,0.016488
uma,magnetic_label,xgboost,train,20000,6,0.894067,0.893614,0.894837,0.001434,0.001223,0.903332,reference,0.009265
uma,metal_insulator,linear,train,50,30,0.809395,0.783680,0.832947,0.055865,0.049267,0.895944,reference,0.086549
uma,metal_insulator,linear,train,100,30,0.829611,0.819935,0.844142,0.026252,0.024207,0.895944,reference,0.066333
uma,metal_insulator,linear,train,200,30,0.836683,0.816735,0.845973,0.032684,0.029238,0.895944,reference,0.059261
uma,metal_insulator,linear,train,500,30,0.844887,0.835995,0.854108,0.019094,0.018113,0.895944,reference,0.051057
uma,metal_insulator,linear,train,1000,30,0.847205,0.842694,0.854735,0.016655,0.012041,0.895944,reference,0.048739
uma,metal_insulator,linear,train,2000,30,0.860731,0.855103,0.864458,0.010609,0.009356,0.895944,reference,0.035212
uma,metal_insulator,linear,train,5000,10,0.878486,0.876069,0.880798,0.006745,0.004728,0.895944,reference,0.017457
uma,metal_insulator,linear,train,7000,7,0.882230,0.881774,0.883626,0.002794,0.001852,0.895944,reference,0.013714
uma,metal_insulator,linear,train,10000,7,0.886027,0.885275,0.887878,0.003003,0.002603,0.895944,reference,0.009917
uma,metal_insulator,linear,train,20000,6,0.890340,0.888424,0.890983,0.003092,0.002560,0.895944,reference,0.005604
uma,metal_insulator,xgboost,train,50,30,0.792156,0.753584,0.812648,0.062968,0.059065,0.913876,reference,0.121721
uma,metal_insulator,xgboost,train,100,30,0.819019,0.802297,0.834974,0.036644,0.032677,0.913876,reference,0.094858
uma,metal_insulator,xgboost,train,200,30,0.840398,0.832519,0.846070,0.015717,0.013551,0.913876,reference,0.073478
uma,metal_insulator,xgboost,train,500,30,0.858381,0.852571,0.865646,0.013252,0.013075,0.913876,reference,0.055495
uma,metal_insulator,xgboost,train,1000,30,0.870302,0.865429,0.874184,0.008727,0.008754,0.913876,reference,0.043574
uma,metal_insulator,xgboost,train,2000,30,0.879938,0.877738,0.883325,0.006128,0.005587,0.913876,reference,0.033938
uma,metal_insulator,xgboost,train,5000,10,0.890588,0.888612,0.894178,0.006208,0.005566,0.913876,reference,0.023289
uma,metal_insulator,xgboost,train,7000,7,0.894973,0.892204,0.896446,0.004936,0.004242,0.913876,reference,0.018903
uma,metal_insulator,xgboost,train,10000,7,0.898418,0.897121,0.900002,0.003226,0.002881,0.913876,reference,0.015458
uma,metal_insulator,xgboost,train,20000,6,0.905404,0.904183,0.907342,0.004134,0.003159,0.913876,reference,0.008473
uma,band_gap,linear,test,20,200,0.787639,0.494548,0.873302,0.542071,0.378754,0.761378,reference,-0.026261
uma,band_gap,linear,test,50,200,0.766981,0.644820,0.844535,0.235702,0.199715,0.761378,reference,-0.005604
uma,band_gap,linear,test,100,200,0.769929,0.678380,0.821115,0.151383,0.142735,0.761378,reference,-0.008551
uma,band_gap,linear,test,200,200,0.768521,0.699366,0.805600,0.117928,0.106234,0.761378,reference,-0.007143
uma,band_gap,linear,test,500,200,0.765219,0.735837,0.793172,0.071668,0.057335,0.761378,reference,-0.003842
uma,band_gap,linear,test,1000,200,0.760931,0.719145,0.783077,0.060516,0.063932,0.761378,reference,0.000446
uma,band_gap,linear,test,2000,200,0.764512,0.741116,0.779712,0.040912,0.038596,0.761378,reference,-0.003135
uma,band_gap,linear,test,5000,200,0.759925,0.747936,0.770884,0.023932,0.022948,0.761378,reference,0.001453
uma,band_gap,linear,test,10000,200,0.759802,0.753475,0.766767,0.013593,0.013291,0.761378,reference,0.001576
uma,band_gap,linear,test,20000,1,0.759978,0.759978,0.759978,,0.000000,0.761378,reference,0.001400
uma,band_gap,xgboost,test,20,200,0.918866,0.727734,0.964352,0.315277,0.236618,0.905813,reference,-0.013052
uma,band_gap,xgboost,test,50,200,0.902259,0.808113,0.949382,0.158152,0.141268,0.905813,reference,0.003554
uma,band_gap,xgboost,test,100,200,0.898675,0.832594,0.932576,0.126748,0.099983,0.905813,reference,0.007139
uma,band_gap,xgboost,test,200,200,0.898913,0.842238,0.923357,0.124186,0.081120,0.905813,reference,0.006900
uma,band_gap,xgboost,test,500,200,0.892556,0.862347,0.913697,0.086386,0.051350,0.905813,reference,0.013258
uma,band_gap,xgboost,test,1000,200,0.890985,0.817755,0.908541,0.081233,0.090786,0.905813,reference,0.014828
uma,band_gap,xgboost,test,2000,200,0.893023,0.846191,0.903450,0.055724,0.057258,0.905813,reference,0.012790
uma,band_gap,xgboost,test,5000,200,0.886924,0.865831,0.897141,0.033171,0.031310,0.905813,reference,0.018889
uma,band_gap,xgboost,test,10000,200,0.882942,0.873572,0.893440,0.018149,0.019868,0.905813,reference,0.022872
uma,band_gap,xgboost,test,20000,1,0.883016,0.883016,0.883016,,0.000000,0.905813,reference,0.022797
uma,bulk_modulus,linear,test,20,200,0.925111,0.828841,0.962583,0.179487,0.133743,0.918611,reference,-0.006500
uma,bulk_modulus,linear,test,50,200,0.924631,0.856717,0.954866,0.117534,0.098149,0.918611,reference,-0.006020
uma,bulk_modulus,linear,test,100,200,0.918695,0.857218,0.943098,0.109274,0.085880,0.918611,reference,-0.000084
uma,bulk_modulus,linear,test,200,200,0.915605,0.865643,0.937184,0.083769,0.071541,0.918611,reference,0.003006
uma,bulk_modulus,linear,test,500,200,0.914478,0.885676,0.930650,0.048831,0.044975,0.918611,reference,0.004134
uma,bulk_modulus,linear,test,1000,200,0.910624,0.891796,0.924130,0.031990,0.032334,0.918611,reference,0.007987
uma,bulk_modulus,linear,test,2000,200,0.909329,0.898353,0.919975,0.021537,0.021622,0.918611,reference,0.009282
uma,bulk_modulus,linear,test,5000,200,0.908498,0.905697,0.912748,0.007706,0.007051,0.918611,reference,0.010113
uma,bulk_modulus,xgboost,test,20,200,0.948929,0.870061,0.980206,0.261361,0.110145,0.939283,reference,-0.009646
uma,bulk_modulus,xgboost,test,50,200,0.950213,0.889633,0.971046,0.114794,0.081412,0.939283,reference,-0.010930
uma,bulk_modulus,xgboost,test,100,200,0.940560,0.878484,0.963743,0.102005,0.085259,0.939283,reference,-0.001277
uma,bulk_modulus,xgboost,test,200,200,0.940248,0.891452,0.955988,0.075443,0.064536,0.939283,reference,-0.000964
uma,bulk_modulus,xgboost,test,500,200,0.937626,0.908516,0.949187,0.045156,0.040672,0.939283,reference,0.001658
uma,bulk_modulus,xgboost,test,1000,200,0.932646,0.915370,0.944712,0.030777,0.029343,0.939283,reference,0.006637
uma,bulk_modulus,xgboost,test,2000,200,0.930484,0.921357,0.941160,0.019870,0.019803,0.939283,reference,0.008799
uma,bulk_modulus,xgboost,test,5000,200,0.930437,0.927231,0.934516,0.007475,0.007285,0.939283,reference,0.008846
uma,crystal_system,linear,test,20,200,0.447357,0.307799,0.608980,0.306277,0.301180,0.531052,reference,0.083695
uma,crystal_system,linear,test,50,200,0.492450,0.383743,0.592615,0.214919,0.208872,0.531052,reference,0.038602
uma,crystal_system,linear,test,100,200,0.496673,0.416266,0.562829,0.145132,0.146562,0.531052,reference,0.034380
uma,crystal_system,linear,test,200,200,0.500961,0.460389,0.544960,0.093298,0.084571,0.531052,reference,0.030092
uma,crystal_system,linear,test,500,200,0.504577,0.473926,0.536635,0.063753,0.062710,0.531052,reference,0.026475
uma,crystal_system,linear,test,1000,200,0.506340,0.486437,0.531137,0.043760,0.044700,0.531052,reference,0.024712
uma,crystal_system,linear,test,2000,200,0.507270,0.490047,0.523756,0.033060,0.033710,0.531052,reference,0.023782
uma,crystal_system,linear,test,5000,200,0.506913,0.499297,0.515606,0.016196,0.016309,0.531052,reference,0.024139
uma,crystal_system,linear,test,10000,200,0.507758,0.502066,0.512791,0.010407,0.010725,0.531052,reference,0.023294
uma,crystal_system,linear,test,20000,1,0.507423,0.507423,0.507423,,0.000000,0.531052,reference,0.023629
uma,crystal_system,xgboost,test,20,200,0.555556,0.374510,0.730327,0.345487,0.355816,0.663319,reference,0.107763
uma,crystal_system,xgboost,test,50,200,0.605694,0.499534,0.712697,0.211277,0.213163,0.663319,reference,0.057625
uma,crystal_system,xgboost,test,100,200,0.606874,0.531891,0.671541,0.140634,0.139650,0.663319,reference,0.056444
uma,crystal_system,xgboost,test,200,200,0.611974,0.569424,0.657810,0.092118,0.088386,0.663319,reference,0.051345
uma,crystal_system,xgboost,test,500,200,0.616969,0.591637,0.648077,0.058789,0.056439,0.663319,reference,0.046349
uma,crystal_system,xgboost,test,1000,200,0.617582,0.598292,0.635584,0.036892,0.037291,0.663319,reference,0.045737
uma,crystal_system,xgboost,test,2000,200,0.616564,0.602638,0.634025,0.030433,0.031387,0.663319,reference,0.046755
uma,crystal_system,xgboost,test,5000,200,0.618448,0.610926,0.627292,0.016956,0.016366,0.663319,reference,0.044871
uma,crystal_system,xgboost,test,10000,200,0.618316,0.613231,0.622854,0.009816,0.009623,0.663319,reference,0.045003
uma,crystal_system,xgboost,test,20000,1,0.618113,0.618113,0.618113,,0.000000,0.663319,reference,0.045206
uma,density,linear,test,20,200,0.875324,0.748339,0.938020,0.241110,0.189681,0.885076,reference,0.009752
uma,density,linear,test,50,200,0.886529,0.804828,0.924918,0.129568,0.120090,0.885076,reference,-0.001452
uma,density,linear,test,100,200,0.884483,0.833856,0.912839,0.087419,0.078984,0.885076,reference,0.000593
uma,density,linear,test,200,200,0.884064,0.852793,0.909603,0.057351,0.056811,0.885076,reference,0.001012
uma,density,linear,test,500,200,0.882088,0.862408,0.895390,0.033011,0.032983,0.885076,reference,0.002988
uma,density,linear,test,1000,200,0.882444,0.867037,0.895319,0.028227,0.028283,0.885076,reference,0.002632
uma,density,linear,test,2000,200,0.881507,0.871990,0.890340,0.018611,0.018351,0.885076,reference,0.003569
uma,density,linear,test,5000,200,0.881761,0.876030,0.887108,0.010783,0.011079,0.885076,reference,0.003315
uma,density,linear,test,10000,200,0.881641,0.879053,0.884748,0.005675,0.005695,0.885076,reference,0.003435
uma,density,linear,test,20000,1,0.881649,0.881649,0.881649,,0.000000,0.885076,reference,0.003427
uma,density,xgboost,test,20,200,0.918667,0.828304,0.964490,0.157270,0.136186,0.939938,reference,0.021271
uma,density,xgboost,test,50,200,0.929536,0.874774,0.954296,0.095976,0.079522,0.939938,reference,0.010403
uma,density,xgboost,test,100,200,0.928175,0.896857,0.949481,0.060782,0.052624,0.939938,reference,0.011763
uma,density,xgboost,test,200,200,0.923753,0.897246,0.943704,0.046084,0.046458,0.939938,reference,0.016185
uma,density,xgboost,test,500,200,0.921743,0.906888,0.933638,0.025756,0.026750,0.939938,reference,0.018195
uma,density,xgboost,test,1000,200,0.922291,0.912708,0.932333,0.019958,0.019625,0.939938,reference,0.017647
uma,density,xgboost,test,2000,200,0.922331,0.914689,0.929132,0.014001,0.014443,0.939938,reference,0.017607
uma,density,xgboost,test,5000,200,0.922354,0.918185,0.925394,0.007379,0.007208,0.939938,reference,0.017585
uma,density,xgboost,test,10000,200,0.922045,0.919988,0.924542,0.004602,0.004555,0.939938,reference,0.017893
uma,density,xgboost,test,20000,1,0.922197,0.922197,0.922197,,0.000000,0.939938,reference,0.017741
uma,energy_above_hull,linear,test,20,200,0.732485,-0.287516,0.970695,9.123807,1.258211,0.898469,reference,0.165984
uma,energy_above_hull,linear,test,50,200,0.874407,0.450771,0.955435,0.756079,0.504665,0.898469,reference,0.024063
uma,energy_above_hull,linear,test,100,200,0.882482,0.628190,0.942528,0.348515,0.314338,0.898469,reference,0.015987
uma,energy_above_hull,linear,test,200,200,0.894809,0.796108,0.935836,0.178730,0.139728,0.898469,reference,0.003661
uma,energy_above_hull,linear,test,500,200,0.892853,0.842636,0.923976,0.100674,0.081340,0.898469,reference,0.005616
uma,energy_above_hull,linear,test,1000,200,0.897327,0.863657,0.918779,0.057977,0.055122,0.898469,reference,0.001142
uma,energy_above_hull,linear,test,2000,200,0.897658,0.876031,0.911872,0.037391,0.035842,0.898469,reference,0.000811
uma,energy_above_hull,linear,test,5000,200,0.896041,0.884125,0.906459,0.022947,0.022334,0.898469,reference,0.002428
uma,energy_above_hull,linear,test,10000,200,0.896726,0.890347,0.902625,0.012231,0.012279,0.898469,reference,0.001743
uma,energy_above_hull,linear,test,20000,1,0.897341,0.897341,0.897341,,0.000000,0.898469,reference,0.001128
uma,energy_above_hull,xgboost,test,20,200,0.868063,0.490964,0.983627,0.955789,0.492663,0.959220,reference,0.091157
uma,energy_above_hull,xgboost,test,50,200,0.939029,0.688266,0.983158,0.376351,0.294893,0.959220,reference,0.020192
uma,energy_above_hull,xgboost,test,100,200,0.940163,0.820596,0.976398,0.186517,0.155802,0.959220,reference,0.019058
uma,energy_above_hull,xgboost,test,200,200,0.940606,0.876888,0.971904,0.115707,0.095017,0.959220,reference,0.018614
uma,energy_above_hull,xgboost,test,500,200,0.943743,0.902497,0.961523,0.068568,0.059026,0.959220,reference,0.015477
uma,energy_above_hull,xgboost,test,1000,200,0.944252,0.922596,0.959604,0.037440,0.037007,0.959220,reference,0.014968
uma,energy_above_hull,xgboost,test,2000,200,0.943331,0.930154,0.955219,0.026366,0.025065,0.959220,reference,0.015890
uma,energy_above_hull,xgboost,test,5000,200,0.943423,0.935481,0.951779,0.015628,0.016299,0.959220,reference,0.015797
uma,energy_above_hull,xgboost,test,10000,200,0.943909,0.939404,0.948757,0.009285,0.009353,0.959220,reference,0.015311
uma,energy_above_hull,xgboost,test,20000,1,0.944319,0.944319,0.944319,,0.000000,0.959220,reference,0.014901
uma,formation_energy/atom,linear,test,20,200,0.986287,0.972361,0.992930,0.032529,0.020569,0.984223,reference,-0.002063
uma,formation_energy/atom,linear,test,50,200,0.985513,0.977377,0.991758,0.080447,0.014381,0.984223,reference,-0.001290
uma,formation_energy/atom,linear,test,100,200,0.984567,0.978742,0.990075,0.048933,0.011333,0.984223,reference,-0.000344
uma,formation_energy/atom,linear,test,200,200,0.985469,0.980225,0.988497,0.040628,0.008272,0.984223,reference,-0.001245
uma,formation_energy/atom,linear,test,500,200,0.984693,0.978188,0.986895,0.025530,0.008708,0.984223,reference,-0.000470
uma,formation_energy/atom,linear,test,1000,200,0.984884,0.981465,0.986694,0.012286,0.005229,0.984223,reference,-0.000661
uma,formation_energy/atom,linear,test,2000,200,0.984648,0.980446,0.986035,0.009030,0.005589,0.984223,reference,-0.000424
uma,formation_energy/atom,linear,test,5000,200,0.984083,0.979875,0.985312,0.005306,0.005437,0.984223,reference,0.000140
uma,formation_energy/atom,linear,test,10000,200,0.982778,0.981746,0.984822,0.003156,0.003075,0.984223,reference,0.001446
uma,formation_energy/atom,linear,test,20000,1,0.983311,0.983311,0.983311,,0.000000,0.984223,reference,0.000912
uma,formation_energy/atom,xgboost,test,20,200,0.988840,0.973003,0.995497,0.025518,0.022494,0.989761,reference,0.000921
uma,formation_energy/atom,xgboost,test,50,200,0.988486,0.978952,0.992904,0.017894,0.013952,0.989761,reference,0.001275
uma,formation_energy/atom,xgboost,test,100,200,0.987931,0.981507,0.991873,0.015736,0.010366,0.989761,reference,0.001830
uma,formation_energy/atom,xgboost,test,200,200,0.987852,0.981297,0.991149,0.012201,0.009852,0.989761,reference,0.001909
uma,formation_energy/atom,xgboost,test,500,200,0.987108,0.981979,0.989925,0.010891,0.007946,0.989761,reference,0.002653
uma,formation_energy/atom,xgboost,test,1000,200,0.987171,0.983306,0.989485,0.010289,0.006179,0.989761,reference,0.002590
uma,formation_energy/atom,xgboost,test,2000,200,0.986891,0.984082,0.988452,0.006407,0.004370,0.989761,reference,0.002870
uma,formation_energy/atom,xgboost,test,5000,200,0.986436,0.982957,0.987525,0.004348,0.004568,0.989761,reference,0.003325
uma,formation_energy/atom,xgboost,test,10000,200,0.985866,0.984676,0.987210,0.002583,0.002534,0.989761,reference,0.003895
uma,formation_energy/atom,xgboost,test,20000,1,0.985970,0.985970,0.985970,,0.000000,0.989761,reference,0.003791
uma,mag_density,linear,test,20,200,0.710723,0.148834,0.873867,7.788465,0.725033,0.731974,reference,0.021251
uma,mag_density,linear,test,50,200,0.730419,0.446641,0.844533,0.539623,0.397892,0.731974,reference,0.001555
uma,mag_density,linear,test,100,200,0.718252,0.545834,0.814831,0.297647,0.268997,0.731974,reference,0.013722
uma,mag_density,linear,test,200,200,0.712862,0.615091,0.785011,0.173414,0.169920,0.731974,reference,0.019112
uma,mag_density,linear,test,500,200,0.717549,0.661836,0.768949,0.114943,0.107113,0.731974,reference,0.014425
uma,mag_density,linear,test,1000,200,0.719352,0.677022,0.752187,0.076918,0.075165,0.731974,reference,0.012622
uma,mag_density,linear,test,2000,200,0.715220,0.687428,0.738003,0.050967,0.050575,0.731974,reference,0.016754
uma,mag_density,linear,test,5000,200,0.713197,0.698478,0.729851,0.031769,0.031374,0.731974,reference,0.018777
uma,mag_density,linear,test,10000,200,0.713202,0.705406,0.722356,0.017611,0.016950,0.731974,reference,0.018772
uma,mag_density,linear,test,20000,1,0.713645,0.713645,0.713645,,0.000000,0.731974,reference,0.018329
uma,mag_density,xgboost,test,20,200,0.803831,0.354047,0.944042,4.102903,0.589996,0.831486,reference,0.027655
uma,mag_density,xgboost,test,50,200,0.801716,0.529424,0.914501,0.486884,0.385077,0.831486,reference,0.029770
uma,mag_density,xgboost,test,100,200,0.774539,0.616017,0.881341,0.304807,0.265325,0.831486,reference,0.056947
uma,mag_density,xgboost,test,200,200,0.782640,0.674417,0.854084,0.189648,0.179668,0.831486,reference,0.048846
uma,mag_density,xgboost,test,500,200,0.783956,0.718116,0.835115,0.117817,0.116999,0.831486,reference,0.047531
uma,mag_density,xgboost,test,1000,200,0.779570,0.742846,0.816518,0.080969,0.073672,0.831486,reference,0.051916
uma,mag_density,xgboost,test,2000,200,0.777869,0.744718,0.802958,0.059042,0.058240,0.831486,reference,0.053617
uma,mag_density,xgboost,test,5000,200,0.776107,0.758406,0.795186,0.034593,0.036781,0.831486,reference,0.055379
uma,mag_density,xgboost,test,10000,200,0.776468,0.767217,0.785866,0.018503,0.018649,0.831486,reference,0.055019
uma,mag_density,xgboost,test,20000,1,0.776714,0.776714,0.776714,,0.000000,0.831486,reference,0.054772
uma,magnetic_label,linear,test,20,200,0.849624,0.784473,0.949875,0.181904,0.165402,0.884001,reference,0.034377
uma,magnetic_label,linear,test,50,200,0.880000,0.816379,0.939394,0.122995,0.123015,0.884001,reference,0.004001
uma,magnetic_label,linear,test,100,200,0.887097,0.847347,0.919971,0.083805,0.072624,0.884001,reference,-0.003096
uma,magnetic_label,linear,test,200,200,0.879850,0.853384,0.910317,0.060847,0.056933,0.884001,reference,0.004151
uma,magnetic_label,linear,test,500,200,0.880364,0.861950,0.899905,0.036483,0.037955,0.884001,reference,0.003637
uma,magnetic_label,linear,test,1000,200,0.882023,0.868813,0.892935,0.023988,0.024122,0.884001,reference,0.001978
uma,magnetic_label,linear,test,2000,200,0.882153,0.872293,0.889775,0.017426,0.017482,0.884001,reference,0.001848
uma,magnetic_label,linear,test,5000,200,0.881455,0.877371,0.886409,0.009151,0.009038,0.884001,reference,0.002545
uma,magnetic_label,linear,test,10000,200,0.881594,0.878289,0.884606,0.006156,0.006317,0.884001,reference,0.002407
uma,magnetic_label,linear,test,20000,1,0.881420,0.881420,0.881420,,0.000000,0.884001,reference,0.002581
uma,magnetic_label,xgboost,test,20,200,0.895833,0.797980,0.949875,0.168350,0.151895,0.903332,reference,0.007499
uma,magnetic_label,xgboost,test,50,200,0.898990,0.839667,0.954534,0.115987,0.114868,0.903332,reference,0.004342
uma,magnetic_label,xgboost,test,100,200,0.899179,0.859340,0.929993,0.073846,0.070653,0.903332,reference,0.004153
uma,magnetic_label,xgboost,test,200,200,0.894617,0.869164,0.924956,0.058682,0.055792,0.903332,reference,0.008714
uma,magnetic_label,xgboost,test,500,200,0.895972,0.877350,0.912052,0.035687,0.034702,0.903332,reference,0.007360
uma,magnetic_label,xgboost,test,1000,200,0.894702,0.882656,0.908442,0.025131,0.025787,0.903332,reference,0.008629
uma,magnetic_label,xgboost,test,2000,200,0.895515,0.886684,0.903134,0.016981,0.016451,0.903332,reference,0.007817
uma,magnetic_label,xgboost,test,5000,200,0.895038,0.890673,0.900058,0.009022,0.009385,0.903332,reference,0.008294
uma,magnetic_label,xgboost,test,10000,200,0.895092,0.891939,0.897570,0.005586,0.005631,0.903332,reference,0.008240
uma,magnetic_label,xgboost,test,20000,1,0.894951,0.894951,0.894951,,0.000000,0.903332,reference,0.008381
uma,metal_insulator,linear,test,20,200,0.895833,0.797980,0.949875,0.164366,0.151895,0.895944,reference,0.000111
uma,metal_insulator,linear,test,50,200,0.896652,0.825743,0.939783,0.117006,0.114040,0.895944,reference,-0.000708
uma,metal_insulator,linear,test,100,200,0.889901,0.849985,0.920880,0.072955,0.070895,0.895944,reference,0.006043
uma,metal_insulator,linear,test,200,200,0.888393,0.862455,0.914905,0.054901,0.052450,0.895944,reference,0.007551
uma,metal_insulator,linear,test,500,200,0.888040,0.869280,0.907578,0.037694,0.038298,0.895944,reference,0.007904
uma,metal_insulator,linear,test,1000,200,0.891265,0.878213,0.901979,0.024073,0.023766,0.895944,reference,0.004679
uma,metal_insulator,linear,test,2000,200,0.890456,0.882683,0.899454,0.016826,0.016771,0.895944,reference,0.005488
uma,metal_insulator,linear,test,5000,200,0.890670,0.885469,0.895065,0.009685,0.009596,0.895944,reference,0.005273
uma,metal_insulator,linear,test,10000,200,0.890458,0.887628,0.893226,0.005871,0.005598,0.895944,reference,0.005486
uma,metal_insulator,linear,test,20000,1,0.890416,0.890416,0.890416,,0.000000,0.895944,reference,0.005528
uma,metal_insulator,xgboost,test,20,200,0.899495,0.800000,1.000000,0.175736,0.200000,0.913876,reference,0.014381
uma,metal_insulator,xgboost,test,50,200,0.902361,0.839667,0.959742,0.115457,0.120075,0.913876,reference,0.011515
uma,metal_insulator,xgboost,test,100,200,0.908453,0.873506,0.949388,0.071823,0.075882,0.913876,reference,0.005423
uma,metal_insulator,xgboost,test,200,200,0.905624,0.879409,0.933671,0.054577,0.054262,0.913876,reference,0.008252
uma,metal_insulator,xgboost,test,500,200,0.903994,0.885999,0.918706,0.030216,0.032706,0.913876,reference,0.009882
uma,metal_insulator,xgboost,test,1000,200,0.906757,0.894074,0.917959,0.023111,0.023885,0.913876,reference,0.007119
uma,metal_insulator,xgboost,test,2000,200,0.905658,0.896879,0.914002,0.016871,0.017123,0.913876,reference,0.008218
uma,metal_insulator,xgboost,test,5000,200,0.905581,0.901658,0.909794,0.008303,0.008136,0.913876,reference,0.008295
uma,metal_insulator,xgboost,test,10000,200,0.905748,0.903068,0.908836,0.005722,0.005769,0.913876,reference,0.008128
uma,metal_insulator,xgboost,test,20000,1,0.905769,0.905769,0.905769,,0.000000,0.913876,reference,0.008107
