arm,target,method,n_stable,n_saturated,n_train_max,test_n_stable,ceiling,ceiling_source
magpie,band_gap,linear,7000,2000,20000,2000,0.404500,reference
magpie,band_gap,xgboost,500,20000,20000,5000,0.698000,reference
magpie,bulk_modulus,linear,2000,2000,5000,2000,0.745900,reference
magpie,bulk_modulus,xgboost,500,2000,5000,1000,0.882100,reference
magpie,crystal_system,linear,50,2000,20000,1000,0.341700,reference
magpie,crystal_system,xgboost,50,20000,20000,1000,0.520200,reference
magpie,density,linear,5000,1000,20000,2000,0.804300,reference
magpie,density,xgboost,500,7000,20000,2000,0.888400,reference
magpie,energy_above_hull,linear,5000,1000,20000,5000,0.084500,reference
magpie,energy_above_hull,xgboost,10000,,20000,10000,0.296100,reference
magpie,formation_energy/atom,linear,7000,1000,20000,2000,0.799700,reference
magpie,formation_energy/atom,xgboost,500,5000,20000,2000,0.890300,reference
magpie,mag_density,linear,10000,2000,20000,5000,0.422900,reference
magpie,mag_density,xgboost,2000,20000,20000,5000,0.816200,reference
magpie,magnetic_label,linear,100,500,20000,500,0.763600,reference
magpie,magnetic_label,xgboost,200,5000,20000,500,0.859900,reference
magpie,metal_insulator,linear,200,500,20000,500,0.778500,reference
magpie,metal_insulator,xgboost,100,2000,20000,500,0.845400,reference
orb,band_gap,linear,500,5000,20000,5000,0.726151,reference
orb,band_gap,xgboost,500,7000,20000,5000,0.884815,reference
orb,bulk_modulus,linear,500,2000,5000,500,0.916793,reference
orb,bulk_modulus,xgboost,500,2000,5000,500,0.935682,reference
orb,crystal_system,linear,200,5000,20000,1000,0.468884,reference
orb,crystal_system,xgboost,500,20000,20000,1000,0.604092,reference
orb,density,linear,500,2000,20000,200,0.903502,reference
orb,density,xgboost,1000,7000,20000,200,0.946680,reference
orb,energy_above_hull,linear,1000,2000,20000,2000,0.864769,reference
orb,energy_above_hull,xgboost,2000,10000,20000,1000,0.945097,reference
orb,formation_energy/atom,linear,500,500,20000,20,0.978845,reference
orb,formation_energy/atom,xgboost,500,2000,20000,20,0.987126,reference
orb,mag_density,linear,2000,5000,20000,5000,0.722456,reference
orb,mag_density,xgboost,1000,20000,20000,5000,0.812552,reference
orb,magnetic_label,linear,200,2000,20000,500,0.857231,reference
orb,magnetic_label,xgboost,100,5000,20000,500,0.888066,reference
orb,metal_insulator,linear,100,1000,20000,500,0.887072,reference
orb,metal_insulator,xgboost,100,1000,20000,500,0.907997,reference
uma,band_gap,linear,500,1000,20000,2000,0.761378,reference
uma,band_gap,xgboost,500,7000,20000,5000,0.905813,reference
uma,bulk_modulus,linear,200,1000,5000,500,0.918611,reference
uma,bulk_modulus,xgboost,500,2000,5000,500,0.939283,reference
uma,crystal_system,linear,50,10000,20000,1000,0.531052,reference
uma,crystal_system,xgboost,50,20000,20000,1000,0.663319,reference
uma,density,linear,500,2000,20000,500,0.885076,reference
uma,density,xgboost,500,7000,20000,200,0.939938,reference
uma,energy_above_hull,linear,1000,2000,20000,2000,0.898469,reference
uma,energy_above_hull,xgboost,2000,5000,20000,1000,0.959220,reference
uma,formation_energy/atom,linear,200,500,20000,100,0.984223,reference
uma,formation_energy/atom,xgboost,500,1000,20000,20,0.989761,reference
uma,mag_density,linear,1000,5000,20000,5000,0.731974,reference
uma,mag_density,xgboost,500,20000,20000,5000,0.831486,reference
uma,magnetic_label,linear,200,2000,20000,500,0.884001,reference
uma,magnetic_label,xgboost,200,2000,20000,500,0.903332,reference
uma,metal_insulator,linear,100,1000,20000,500,0.895944,reference
uma,metal_insulator,xgboost,100,1000,20000,500,0.913876,reference
